table_name;column_name;data_type;country;admlevel;pcode_col;name_col;pcode_parent;name_parent;pop_col
afg_adm1_mapshaper;gid;integer;afg;1;;;;;
afg_adm1_mapshaper;area_sqm;double precision;afg;1;;;;;
afg_adm1_mapshaper;area_sqkm;double precision;afg;1;;;;;
afg_adm1_mapshaper;r_unama_id;character varying;afg;1;;;;;
afg_adm1_mapshaper;r_unama_en;character varying;afg;1;;;;;
afg_adm1_mapshaper;r_unama_da;character varying;afg;1;;;;;
afg_adm1_mapshaper;prov_code;bigint;afg;1;;;;;
afg_adm1_mapshaper;prov_na_en;character varying;afg;1;;;;;
afg_adm1_mapshaper;prov_na_da;character varying;afg;1;;;;;
afg_adm1_mapshaper;hrpcode;character varying;afg;1;hrpcode;;;;
afg_adm1_mapshaper;hrparent;character varying;afg;1;;;hrparent;;
afg_adm1_mapshaper;hrname;character varying;afg;1;;hrname;;;
afg_adm1_mapshaper;geom;USER-DEFINED;afg;1;;;;;
afg_adm2_mapshaper;gid;integer;afg;2;;;;;
afg_adm2_mapshaper;area_sqm;double precision;afg;2;;;;;
afg_adm2_mapshaper;area_sqkm;double precision;afg;2;;;;;
afg_adm2_mapshaper;r_unama_id;character varying;afg;2;;;;;
afg_adm2_mapshaper;r_unama_en;character varying;afg;2;;;;;
afg_adm2_mapshaper;r_unama_da;character varying;afg;2;;;;;
afg_adm2_mapshaper;prov_code;bigint;afg;2;;;;;
afg_adm2_mapshaper;prov_na_en;character varying;afg;2;;;;;
afg_adm2_mapshaper;prov_na_da;character varying;afg;2;;;;;
afg_adm2_mapshaper;dist_code;bigint;afg;2;;;;;
afg_adm2_mapshaper;dist_na_en;character varying;afg;2;;;;;
afg_adm2_mapshaper;dist_na_da;character varying;afg;2;;;;;
afg_adm2_mapshaper;unit_type;character varying;afg;2;;;;;
afg_adm2_mapshaper;hrpcode;character varying;afg;2;hrpcode;;;;
afg_adm2_mapshaper;hrparent;character varying;afg;2;;;hrparent;;
afg_adm2_mapshaper;hrname;character varying;afg;2;;hrname;;;
afg_adm2_mapshaper;geom;USER-DEFINED;afg;2;;;;;
bdi_adm1_mapshaper;gid;integer;bdi;1;;;;;
bdi_adm1_mapshaper;p_code;character varying;bdi;1;p_code;;;;
bdi_adm1_mapshaper;name1_;character varying;bdi;1;;name1_;;;
bdi_adm1_mapshaper;name2_;character varying;bdi;1;;;;;
bdi_adm1_mapshaper;parts_;integer;bdi;1;;;;;
bdi_adm1_mapshaper;points_;integer;bdi;1;;;;;
bdi_adm1_mapshaper;length_;double precision;bdi;1;;;;;
bdi_adm1_mapshaper;area_;double precision;bdi;1;;;;;
bdi_adm1_mapshaper;geom;USER-DEFINED;bdi;1;;;;;
bdi_adm2_mapshaper;gid;integer;bdi;2;;;;;
bdi_adm2_mapshaper;province;character varying;bdi;2;;province;;;
bdi_adm2_mapshaper;p_code;character varying;bdi;2;p_code;;;;
bdi_adm2_mapshaper;country;character varying;bdi;2;;;;;
bdi_adm2_mapshaper;centroidel;double precision;bdi;2;;;;;
bdi_adm2_mapshaper;centroid0;double precision;bdi;2;;;;;
bdi_adm2_mapshaper;id;bigint;bdi;2;;;;;
bdi_adm2_mapshaper;geom;USER-DEFINED;bdi;2;;;;;
bdi_adm3_mapshaper;gid;integer;bdi;3;;;;;
bdi_adm3_mapshaper;commune;character varying;bdi;3;;commune;;;
bdi_adm3_mapshaper;p_code;character varying;bdi;3;p_code;;;;
bdi_adm3_mapshaper;province;character varying;bdi;3;;;;province;
bdi_adm3_mapshaper;centroidel;double precision;bdi;3;;;;;
bdi_adm3_mapshaper;centroid0;double precision;bdi;3;;;;;
bdi_adm3_mapshaper;id;bigint;bdi;3;;;;;
bdi_adm3_mapshaper;geom;USER-DEFINED;bdi;3;;;;;
bfa_adm1_mapshaper;gid;integer;bfa;1;;;;;
bfa_adm1_mapshaper;objectid;bigint;bfa;1;;;;;
bfa_adm1_mapshaper;admin0name;character varying;bfa;1;;;;admin0name;
bfa_adm1_mapshaper;admin0pcod;character varying;bfa;1;;;admin0pcod;;
bfa_adm1_mapshaper;admin1name;character varying;bfa;1;;admin1name;;;
bfa_adm1_mapshaper;admin1pcod;character varying;bfa;1;admin1pcod;;;;
bfa_adm1_mapshaper;admin1refn;character varying;bfa;1;;;;;
bfa_adm1_mapshaper;admin1altn;character varying;bfa;1;;;;;
bfa_adm1_mapshaper;admin1al_1;character varying;bfa;1;;;;;
bfa_adm1_mapshaper;date;date;bfa;1;;;;;
bfa_adm1_mapshaper;validon;date;bfa;1;;;;;
bfa_adm1_mapshaper;validto;date;bfa;1;;;;;
bfa_adm1_mapshaper;shape_leng;double precision;bfa;1;;;;;
bfa_adm1_mapshaper;shape_area;double precision;bfa;1;;;;;
bfa_adm1_mapshaper;geom;USER-DEFINED;bfa;1;;;;;
bfa_adm2_mapshaper;gid;integer;bfa;2;;;;;
bfa_adm2_mapshaper;objectid;bigint;bfa;2;;;;;
bfa_adm2_mapshaper;admin0name;character varying;bfa;2;;;;;
bfa_adm2_mapshaper;admin0pcod;character varying;bfa;2;;;;;
bfa_adm2_mapshaper;admin1name;character varying;bfa;2;;;;admin1name;
bfa_adm2_mapshaper;admin1pcod;character varying;bfa;2;;;admin1pcod;;
bfa_adm2_mapshaper;admin2name;character varying;bfa;2;;admin2name;;;
bfa_adm2_mapshaper;admin2pcod;character varying;bfa;2;admin2pcod;;;;
bfa_adm2_mapshaper;admin2refn;character varying;bfa;2;;;;;
bfa_adm2_mapshaper;admin2altn;character varying;bfa;2;;;;;
bfa_adm2_mapshaper;admin2al_1;character varying;bfa;2;;;;;
bfa_adm2_mapshaper;date;date;bfa;2;;;;;
bfa_adm2_mapshaper;validon;date;bfa;2;;;;;
bfa_adm2_mapshaper;validto;date;bfa;2;;;;;
bfa_adm2_mapshaper;shape_leng;double precision;bfa;2;;;;;
bfa_adm2_mapshaper;shape_area;double precision;bfa;2;;;;;
bfa_adm2_mapshaper;geom;USER-DEFINED;bfa;2;;;;;
bgd_adm1_mapshaper;gid;integer;bgd;1;;;;;
bgd_adm1_mapshaper;division;character varying;bgd;1;;division;;;
bgd_adm1_mapshaper;divgeocode;integer;bgd;1;divgeocode;;;;
bgd_adm1_mapshaper;shape_leng;double precision;bgd;1;;;;;
bgd_adm1_mapshaper;shape_area;double precision;bgd;1;;;;;
bgd_adm1_mapshaper;aa;integer;bgd;1;;;;;
bgd_adm1_mapshaper;geom;USER-DEFINED;bgd;1;;;;;
bgd_adm2_mapshaper;gid;integer;bgd;2;;;;;
bgd_adm2_mapshaper;division;character varying;bgd;2;;;;division;
bgd_adm2_mapshaper;district;character varying;bgd;2;;district;;;
bgd_adm2_mapshaper;disgeocode;integer;bgd;2;disgeocode;;;;
bgd_adm2_mapshaper;shape_leng;double precision;bgd;2;;;;;
bgd_adm2_mapshaper;shape_area;double precision;bgd;2;;;;;
bgd_adm2_mapshaper;asd;integer;bgd;2;;;;;
bgd_adm2_mapshaper;geom;USER-DEFINED;bgd;2;;;;;
bgd_adm3_mapshaper;gid;integer;bgd;3;;;;;
bgd_adm3_mapshaper;division;character varying;bgd;3;;;;;
bgd_adm3_mapshaper;district;character varying;bgd;3;;;;district;
bgd_adm3_mapshaper;upazila;character varying;bgd;3;;upazila;;;
bgd_adm3_mapshaper;upzcode;integer;bgd;3;upzcode;;;;
bgd_adm3_mapshaper;shape_leng;double precision;bgd;3;;;;;
bgd_adm3_mapshaper;shape_area;double precision;bgd;3;;;;;
bgd_adm3_mapshaper;area_skm;double precision;bgd;3;;;;;
bgd_adm3_mapshaper;geom;USER-DEFINED;bgd;3;;;;;
bol_adm1_mapshaper;gid;integer;bol;1;;;;;
bol_adm1_mapshaper;cod_dep;character varying;bol;1;cod_dep;;;;
bol_adm1_mapshaper;nom_dep;character varying;bol;1;;nom_dep;;;
bol_adm1_mapshaper;geom;USER-DEFINED;bol;1;;;;;
bol_adm2_mapshaper;gid;integer;bol;2;;;;;
bol_adm2_mapshaper;cod_prov;character varying;bol;2;cod_prov;;;;
bol_adm2_mapshaper;nom_prov;character varying;bol;2;;nom_prov;;;
bol_adm2_mapshaper;geom;USER-DEFINED;bol;2;;;;;
bol_adm3_mapshaper;gid;integer;bol;3;;;;;
bol_adm3_mapshaper;id;integer;bol;3;;;;;
bol_adm3_mapshaper;codseccion;character varying;bol;3;codseccion;;;;
bol_adm3_mapshaper;codigo;character varying;bol;3;;;;;
bol_adm3_mapshaper;cod_dep;character varying;bol;3;;;;;
bol_adm3_mapshaper;nom_dep;character varying;bol;3;;;;;
bol_adm3_mapshaper;cod_prov;character varying;bol;3;;;cod_prov;;
bol_adm3_mapshaper;nom_prov;character varying;bol;3;;;;nom_prov;
bol_adm3_mapshaper;nom_mun;character varying;bol;3;;nom_mun;;;
bol_adm3_mapshaper;hectares;double precision;bol;3;;;;;
bol_adm3_mapshaper;cod_secc;character varying;bol;3;;;;;
bol_adm3_mapshaper;municipio;character varying;bol;3;;;;;
bol_adm3_mapshaper;total_2000;bigint;bol;3;;;;;
bol_adm3_mapshaper;hom_2000;integer;bol;3;;;;;
bol_adm3_mapshaper;muj_2000;integer;bol;3;;;;;
bol_adm3_mapshaper;total_2001;bigint;bol;3;;;;;
bol_adm3_mapshaper;hom_2001;integer;bol;3;;;;;
bol_adm3_mapshaper;muj_2001;integer;bol;3;;;;;
bol_adm3_mapshaper;total_2002;bigint;bol;3;;;;;
bol_adm3_mapshaper;hom_2002;integer;bol;3;;;;;
bol_adm3_mapshaper;muj_2002;integer;bol;3;;;;;
bol_adm3_mapshaper;total_2003;bigint;bol;3;;;;;
bol_adm3_mapshaper;hom_2003;integer;bol;3;;;;;
bol_adm3_mapshaper;muj_2003;integer;bol;3;;;;;
bol_adm3_mapshaper;total_2004;bigint;bol;3;;;;;
bol_adm3_mapshaper;hom_2004;integer;bol;3;;;;;
bol_adm3_mapshaper;muj_2004;integer;bol;3;;;;;
bol_adm3_mapshaper;total_2005;bigint;bol;3;;;;;
bol_adm3_mapshaper;hom_2005;integer;bol;3;;;;;
bol_adm3_mapshaper;muj_2005;integer;bol;3;;;;;
bol_adm3_mapshaper;total_2006;bigint;bol;3;;;;;
bol_adm3_mapshaper;hom_2006;integer;bol;3;;;;;
bol_adm3_mapshaper;muj_2006;integer;bol;3;;;;;
bol_adm3_mapshaper;total_2007;bigint;bol;3;;;;;
bol_adm3_mapshaper;hom_2007;integer;bol;3;;;;;
bol_adm3_mapshaper;muj_2007;integer;bol;3;;;;;
bol_adm3_mapshaper;total_2008;bigint;bol;3;;;;;
bol_adm3_mapshaper;hom_2008;integer;bol;3;;;;;
bol_adm3_mapshaper;muj_2008;integer;bol;3;;;;;
bol_adm3_mapshaper;total_2009;bigint;bol;3;;;;;
bol_adm3_mapshaper;hom_2009;integer;bol;3;;;;;
bol_adm3_mapshaper;muj_2009;integer;bol;3;;;;;
bol_adm3_mapshaper;total_2010;bigint;bol;3;;;;;total_2010
bol_adm3_mapshaper;hom_2010;integer;bol;3;;;;;
bol_adm3_mapshaper;muj_2010;integer;bol;3;;;;;
bol_adm3_mapshaper;geom;USER-DEFINED;bol;3;;;;;
btn_adm1_mapshaper;gid;integer;btn;1;;;;;
btn_adm1_mapshaper;objectid;integer;btn;1;;;;;
btn_adm1_mapshaper;adm1_code;character varying;btn;1;adm1_code;;;;
btn_adm1_mapshaper;adm1_name;character varying;btn;1;;adm1_name;;;
btn_adm1_mapshaper;shape_leng;double precision;btn;1;;;;;
btn_adm1_mapshaper;shape_area;double precision;btn;1;;;;;
btn_adm1_mapshaper;geom;USER-DEFINED;btn;1;;;;;
btn_adm2_mapshaper;gid;integer;btn;2;;;;;
btn_adm2_mapshaper;objectid;integer;btn;2;;;;;
btn_adm2_mapshaper;adm1_code;character varying;btn;2;;;adm1_code;;
btn_adm2_mapshaper;adm1_name;character varying;btn;2;;;;adm1_name;
btn_adm2_mapshaper;adm2_code;character varying;btn;2;adm2_code;;;;
btn_adm2_mapshaper;adm2_name;character varying;btn;2;;adm2_name;;;
btn_adm2_mapshaper;shape_le_1;double precision;btn;2;;;;;
btn_adm2_mapshaper;shape_area;double precision;btn;2;;;;;
btn_adm2_mapshaper;geom;USER-DEFINED;btn;2;;;;;
caf_adm1_mapshaper;gid;integer;caf;1;;;;;
caf_adm1_mapshaper;objectid;integer;caf;1;;;;;
caf_adm1_mapshaper;admin0name;character varying;caf;1;;;;admin0name;
caf_adm1_mapshaper;admin0pcod;character varying;caf;1;;;admin0pcod;;
caf_adm1_mapshaper;admin1name;character varying;caf;1;;admin1name;;;
caf_adm1_mapshaper;admin1pcod;character varying;caf;1;admin1pcod;;;;
caf_adm1_mapshaper;admin1refn;character varying;caf;1;;;;;
caf_adm1_mapshaper;admin1altn;character varying;caf;1;;;;;
caf_adm1_mapshaper;admin1al_1;character varying;caf;1;;;;;
caf_adm1_mapshaper;date;date;caf;1;;;;;
caf_adm1_mapshaper;validon;date;caf;1;;;;;
caf_adm1_mapshaper;validto;date;caf;1;;;;;
caf_adm1_mapshaper;shape_leng;double precision;caf;1;;;;;
caf_adm1_mapshaper;shape_area;double precision;caf;1;;;;;
caf_adm1_mapshaper;rowcacode1;character varying;caf;1;;;;;
caf_adm1_mapshaper;geom;USER-DEFINED;caf;1;;;;;
caf_adm2_mapshaper;gid;integer;caf;2;;;;;
caf_adm2_mapshaper;objectid_1;integer;caf;2;;;;;
caf_adm2_mapshaper;admin0name;character varying;caf;2;;;;;
caf_adm2_mapshaper;admin0pcod;character varying;caf;2;;;;;
caf_adm2_mapshaper;admin1name;character varying;caf;2;;;;admin1name;
caf_adm2_mapshaper;admin1pcod;character varying;caf;2;;;admin1pcod;;
caf_adm2_mapshaper;admin2name;character varying;caf;2;;admin2name;;;
caf_adm2_mapshaper;admin2pcod;character varying;caf;2;admin2pcod;;;;
caf_adm2_mapshaper;admin2refn;character varying;caf;2;;;;;
caf_adm2_mapshaper;admin2altn;character varying;caf;2;;;;;
caf_adm2_mapshaper;admin2al_1;character varying;caf;2;;;;;
caf_adm2_mapshaper;date;date;caf;2;;;;;
caf_adm2_mapshaper;validon;date;caf;2;;;;;
caf_adm2_mapshaper;validto;date;caf;2;;;;;
caf_adm2_mapshaper;shape_leng;double precision;caf;2;;;;;
caf_adm2_mapshaper;shape_area;double precision;caf;2;;;;;
caf_adm2_mapshaper;rowcacode1;character varying;caf;2;;;;;
caf_adm2_mapshaper;rowcacode2;character varying;caf;2;;;;;
caf_adm2_mapshaper;geom;USER-DEFINED;caf;2;;;;;
caf_adm3_mapshaper;gid;integer;caf;3;;;;;
caf_adm3_mapshaper;objectid_1;integer;caf;3;;;;;
caf_adm3_mapshaper;admin0name;character varying;caf;3;;;;;
caf_adm3_mapshaper;admin0pcod;character varying;caf;3;;;;;
caf_adm3_mapshaper;admin1name;character varying;caf;3;;;;;
caf_adm3_mapshaper;admin1pcod;character varying;caf;3;;;;;
caf_adm3_mapshaper;admin2name;character varying;caf;3;;;;admin2name;
caf_adm3_mapshaper;admin2pcod;character varying;caf;3;;;admin2pcod;;
caf_adm3_mapshaper;admin3name;character varying;caf;3;;admin3name;;;
caf_adm3_mapshaper;admin3pcod;character varying;caf;3;admin3pcod;;;;
caf_adm3_mapshaper;admin3refn;character varying;caf;3;;;;;
caf_adm3_mapshaper;admin3altn;character varying;caf;3;;;;;
caf_adm3_mapshaper;admin3al_1;character varying;caf;3;;;;;
caf_adm3_mapshaper;date;date;caf;3;;;;;
caf_adm3_mapshaper;validon;date;caf;3;;;;;
caf_adm3_mapshaper;validto;date;caf;3;;;;;
caf_adm3_mapshaper;shape_leng;double precision;caf;3;;;;;
caf_adm3_mapshaper;shape_area;double precision;caf;3;;;;;
caf_adm3_mapshaper;rowcacode1;character varying;caf;3;;;;;
caf_adm3_mapshaper;rowcacode2;character varying;caf;3;;;;;
caf_adm3_mapshaper;rowcacode3;character varying;caf;3;;;;;
caf_adm3_mapshaper;geom;USER-DEFINED;caf;3;;;;;
civ_adm1_mapshaper;gid;integer;civ;1;;;;;
civ_adm1_mapshaper;objectid;bigint;civ;1;;;;;
civ_adm1_mapshaper;admin1name;character varying;civ;1;;admin1name;;;
civ_adm1_mapshaper;admin1pcod;character varying;civ;1;admin1pcod;;;;
civ_adm1_mapshaper;admin1refn;character varying;civ;1;;;;;
civ_adm1_mapshaper;admin1altn;character varying;civ;1;;;;;
civ_adm1_mapshaper;admin1al_1;character varying;civ;1;;;;;
civ_adm1_mapshaper;admin0name;character varying;civ;1;;;;admin0name;
civ_adm1_mapshaper;admin0pcod;character varying;civ;1;;;admin0pcod;;
civ_adm1_mapshaper;date;date;civ;1;;;;;
civ_adm1_mapshaper;validon;date;civ;1;;;;;
civ_adm1_mapshaper;validto;date;civ;1;;;;;
civ_adm1_mapshaper;shape_leng;double precision;civ;1;;;;;
civ_adm1_mapshaper;shape_area;double precision;civ;1;;;;;
civ_adm1_mapshaper;rowcacode1;character varying;civ;1;;;;;
civ_adm1_mapshaper;geom;USER-DEFINED;civ;1;;;;;
civ_adm2_mapshaper;gid;integer;civ;2;;;;;
civ_adm2_mapshaper;objectid;bigint;civ;2;;;;;
civ_adm2_mapshaper;admin2name;character varying;civ;2;;admin2name;;;
civ_adm2_mapshaper;admin2pcod;character varying;civ;2;admin2pcod;;;;
civ_adm2_mapshaper;admin2refn;character varying;civ;2;;;;;
civ_adm2_mapshaper;admin2altn;character varying;civ;2;;;;;
civ_adm2_mapshaper;admin2al_1;character varying;civ;2;;;;;
civ_adm2_mapshaper;admin1name;character varying;civ;2;;;;admin1name;
civ_adm2_mapshaper;admin1pcod;character varying;civ;2;;;admin1pcod;;
civ_adm2_mapshaper;admin0name;character varying;civ;2;;;;;
civ_adm2_mapshaper;admin0pcod;character varying;civ;2;;;;;
civ_adm2_mapshaper;date;date;civ;2;;;;;
civ_adm2_mapshaper;validon;date;civ;2;;;;;
civ_adm2_mapshaper;validto;date;civ;2;;;;;
civ_adm2_mapshaper;shape_leng;double precision;civ;2;;;;;
civ_adm2_mapshaper;shape_area;double precision;civ;2;;;;;
civ_adm2_mapshaper;rowcacode1;character varying;civ;2;;;;;
civ_adm2_mapshaper;rowcacode2;character varying;civ;2;;;;;
civ_adm2_mapshaper;geom;USER-DEFINED;civ;2;;;;;
civ_adm3_mapshaper;gid;integer;civ;3;;;;;
civ_adm3_mapshaper;objectid;bigint;civ;3;;;;;
civ_adm3_mapshaper;admin3name;character varying;civ;3;;admin3name;;;
civ_adm3_mapshaper;admin3pcod;character varying;civ;3;admin3pcod;;;;
civ_adm3_mapshaper;admin3refn;character varying;civ;3;;;;;
civ_adm3_mapshaper;admin3altn;character varying;civ;3;;;;;
civ_adm3_mapshaper;admin3al_1;character varying;civ;3;;;;;
civ_adm3_mapshaper;admin2name;character varying;civ;3;;;;admin2name;
civ_adm3_mapshaper;admin2pcod;character varying;civ;3;;;admin2pcod;;
civ_adm3_mapshaper;admin1name;character varying;civ;3;;;;;
civ_adm3_mapshaper;admin1pcod;character varying;civ;3;;;;;
civ_adm3_mapshaper;admin0name;character varying;civ;3;;;;;
civ_adm3_mapshaper;admin0pcod;character varying;civ;3;;;;;
civ_adm3_mapshaper;date;date;civ;3;;;;;
civ_adm3_mapshaper;validon;date;civ;3;;;;;
civ_adm3_mapshaper;validto;date;civ;3;;;;;
civ_adm3_mapshaper;shape_leng;double precision;civ;3;;;;;
civ_adm3_mapshaper;shape_area;double precision;civ;3;;;;;
civ_adm3_mapshaper;rowcacode1;character varying;civ;3;;;;;
civ_adm3_mapshaper;rowcacode2;character varying;civ;3;;;;;
civ_adm3_mapshaper;rowcacode3;character varying;civ;3;;;;;
civ_adm3_mapshaper;geom;USER-DEFINED;civ;3;;;;;
dji_adm1_mapshaper;gid;integer;dji;1;;;;;
dji_adm1_mapshaper;country;character varying;dji;1;;;;;
dji_adm1_mapshaper;local_name;character varying;dji;1;;local_name;;;
dji_adm1_mapshaper;feature;character varying;dji;1;;;;;
dji_adm1_mapshaper;continent;character varying;dji;1;;;;;
dji_adm1_mapshaper;shape_leng;double precision;dji;1;;;;;
dji_adm1_mapshaper;shape_area;double precision;dji;1;;;;;
dji_adm1_mapshaper;geom;USER-DEFINED;dji;1;;;;;
dji_adm2_mapshaper;gid;integer;dji;2;;;;;
dji_adm2_mapshaper;admin2;character varying;dji;2;;admin2;;;
dji_adm2_mapshaper;country;character varying;dji;2;;;;;
dji_adm2_mapshaper;shape_leng;double precision;dji;2;;;;;
dji_adm2_mapshaper;shape_area;double precision;dji;2;;;;;
dji_adm2_mapshaper;geom;USER-DEFINED;dji;2;;;;;
dji_adm3_mapshaper;gid;integer;dji;3;;;;;
dji_adm3_mapshaper;admin3;character varying;dji;3;;admin3;;;
dji_adm3_mapshaper;country;character varying;dji;3;;;;;
dji_adm3_mapshaper;shape_leng;double precision;dji;3;;;;;
dji_adm3_mapshaper;shape_area;double precision;dji;3;;;;;
dji_adm3_mapshaper;geom;USER-DEFINED;dji;3;;;;;
gab_adm1_mapshaper;gid;integer;gab;1;;;;;
gab_adm1_mapshaper;cntry_name;character varying;gab;1;;;;cntry_name;
gab_adm1_mapshaper;cntry_code;character varying;gab;1;;;cntry_code;;
gab_adm1_mapshaper;adm1_name;character varying;gab;1;;adm1_name;;;
gab_adm1_mapshaper;adm1_code;character varying;gab;1;adm1_code;;;;
gab_adm1_mapshaper;rowcacode1;character varying;gab;1;;;;;
gab_adm1_mapshaper;hrname;character varying;gab;1;;;;;
gab_adm1_mapshaper;hrpcode;character varying;gab;1;;;;;
gab_adm1_mapshaper;hrparent;character varying;gab;1;;;;;
gab_adm1_mapshaper;geom;USER-DEFINED;gab;1;;;;;
gab_adm2_mapshaper;gid;integer;gab;2;;;;;
gab_adm2_mapshaper;cntry_name;character varying;gab;2;;;;;
gab_adm2_mapshaper;cntry_code;character varying;gab;2;;;;;
gab_adm2_mapshaper;adm1_name;character varying;gab;2;;;;adm1_name;
gab_adm2_mapshaper;adm1_code;character varying;gab;2;;;adm1_code;;
gab_adm2_mapshaper;adm2_name;character varying;gab;2;;adm2_name;;;
gab_adm2_mapshaper;adm2_code;character varying;gab;2;adm2_code;;;;
gab_adm2_mapshaper;rowcacode1;character varying;gab;2;;;;;
gab_adm2_mapshaper;rowcacode2;character varying;gab;2;;;;;
gab_adm2_mapshaper;hrname;character varying;gab;2;;;;;
gab_adm2_mapshaper;hrpcode;character varying;gab;2;;;;;
gab_adm2_mapshaper;hrparent;character varying;gab;2;;;;;
gab_adm2_mapshaper;geom;USER-DEFINED;gab;2;;;;;
gmb_adm1_mapshaper;gid;integer;gmb;1;;;;;
gmb_adm1_mapshaper;objectid;bigint;gmb;1;;;;;
gmb_adm1_mapshaper;cntry_name;character varying;gmb;1;;;;cntry_name;
gmb_adm1_mapshaper;cntry_code;character varying;gmb;1;;;cntry_code;;
gmb_adm1_mapshaper;lga_name;character varying;gmb;1;;lga_name;;;
gmb_adm1_mapshaper;lga_code;character varying;gmb;1;lga_code;;;;
gmb_adm1_mapshaper;rowcacode;character varying;gmb;1;;;;;
gmb_adm1_mapshaper;shape_leng;double precision;gmb;1;;;;;
gmb_adm1_mapshaper;shape_area;double precision;gmb;1;;;;;
gmb_adm1_mapshaper;geom;USER-DEFINED;gmb;1;;;;;
gmb_adm2_mapshaper;gid;integer;gmb;2;;;;;
gmb_adm2_mapshaper;objectid;bigint;gmb;2;;;;;
gmb_adm2_mapshaper;cntry_name;character varying;gmb;2;;;;;
gmb_adm2_mapshaper;cntry_code;character varying;gmb;2;;;;;
gmb_adm2_mapshaper;lga_name;character varying;gmb;2;;;;lga_name;
gmb_adm2_mapshaper;lga_code;character varying;gmb;2;;;lga_code;;
gmb_adm2_mapshaper;district_n;character varying;gmb;2;;district_n;;;
gmb_adm2_mapshaper;district_c;character varying;gmb;2;district_c;;;;
gmb_adm2_mapshaper;shape_leng;double precision;gmb;2;;;;;
gmb_adm2_mapshaper;shape_area;double precision;gmb;2;;;;;
gmb_adm2_mapshaper;geom;USER-DEFINED;gmb;2;;;;;
hnd_adm1_mapshaper;gid;integer;hnd;1;;;;;
hnd_adm1_mapshaper;objectid_1;bigint;hnd;1;;;;;
hnd_adm1_mapshaper;admin1name;character varying;hnd;1;;admin1name;;;
hnd_adm1_mapshaper;admin1pcod;character varying;hnd;1;admin1pcod;;;;
hnd_adm1_mapshaper;admin1refn;character varying;hnd;1;;;;;
hnd_adm1_mapshaper;admin1altn;character varying;hnd;1;;;;;
hnd_adm1_mapshaper;admin1al_1;character varying;hnd;1;;;;;
hnd_adm1_mapshaper;admin0name;character varying;hnd;1;;;;admin0name;
hnd_adm1_mapshaper;admin0pcod;character varying;hnd;1;;;admin0pcod;;
hnd_adm1_mapshaper;date;date;hnd;1;;;;;
hnd_adm1_mapshaper;validon;date;hnd;1;;;;;
hnd_adm1_mapshaper;validto;date;hnd;1;;;;;
hnd_adm1_mapshaper;shape_leng;double precision;hnd;1;;;;;
hnd_adm1_mapshaper;shape_area;double precision;hnd;1;;;;;
hnd_adm1_mapshaper;geom;USER-DEFINED;hnd;1;;;;;
hnd_adm2_mapshaper;gid;integer;hnd;2;;;;;
hnd_adm2_mapshaper;objectid_1;bigint;hnd;2;;;;;
hnd_adm2_mapshaper;admin2name;character varying;hnd;2;;admin2name;;;
hnd_adm2_mapshaper;admin2pcod;character varying;hnd;2;admin2pcod;;;;
hnd_adm2_mapshaper;admin2refn;character varying;hnd;2;;;;;
hnd_adm2_mapshaper;admin2altn;character varying;hnd;2;;;;;
hnd_adm2_mapshaper;admin2al_1;character varying;hnd;2;;;;;
hnd_adm2_mapshaper;admin1name;character varying;hnd;2;;;;admin1name;
hnd_adm2_mapshaper;admin1pcod;character varying;hnd;2;;;admin1pcod;;
hnd_adm2_mapshaper;admin0name;character varying;hnd;2;;;;;
hnd_adm2_mapshaper;admin0pcod;character varying;hnd;2;;;;;
hnd_adm2_mapshaper;date;date;hnd;2;;;;;
hnd_adm2_mapshaper;validon;date;hnd;2;;;;;
hnd_adm2_mapshaper;validto;date;hnd;2;;;;;
hnd_adm2_mapshaper;shape_leng;double precision;hnd;2;;;;;
hnd_adm2_mapshaper;shape_area;double precision;hnd;2;;;;;
hnd_adm2_mapshaper;geom;USER-DEFINED;hnd;2;;;;;
hnd_adm3_mapshaper;gid;integer;hnd;3;;;;;
hnd_adm3_mapshaper;objectid_1;bigint;hnd;3;;;;;
hnd_adm3_mapshaper;admin3name;character varying;hnd;3;;admin3name;;;
hnd_adm3_mapshaper;admin3pcod;character varying;hnd;3;admin3pcod;;;;
hnd_adm3_mapshaper;admin3refn;character varying;hnd;3;;;;;
hnd_adm3_mapshaper;admin3altn;character varying;hnd;3;;;;;
hnd_adm3_mapshaper;admin3al_1;character varying;hnd;3;;;;;
hnd_adm3_mapshaper;admin2name;character varying;hnd;3;;;;admin2name;
hnd_adm3_mapshaper;admin2pcod;character varying;hnd;3;;;admin2pcod;;
hnd_adm3_mapshaper;admin1name;character varying;hnd;3;;;;;
hnd_adm3_mapshaper;admin1pcod;character varying;hnd;3;;;;;
hnd_adm3_mapshaper;admin0name;character varying;hnd;3;;;;;
hnd_adm3_mapshaper;admin0pcod;character varying;hnd;3;;;;;
hnd_adm3_mapshaper;date;date;hnd;3;;;;;
hnd_adm3_mapshaper;validon;date;hnd;3;;;;;
hnd_adm3_mapshaper;validto;date;hnd;3;;;;;
hnd_adm3_mapshaper;shape_leng;double precision;hnd;3;;;;;
hnd_adm3_mapshaper;shape_area;double precision;hnd;3;;;;;
hnd_adm3_mapshaper;geom;USER-DEFINED;hnd;3;;;;;
hti_adm1_mapshaper;gid;integer;hti;1;;;;;
hti_adm1_mapshaper;objectid;bigint;hti;1;;;;;
hti_adm1_mapshaper;id_dep;bigint;hti;1;;;;;
hti_adm1_mapshaper;departemen;character varying;hti;1;;;;;
hti_adm1_mapshaper;admin1pcod;character varying;hti;1;admin1pcod;;;;
hti_adm1_mapshaper;admin1name;character varying;hti;1;;admin1name;;;
hti_adm1_mapshaper;admin0name;character varying;hti;1;;;;admin0name;
hti_adm1_mapshaper;admin0cod;character varying;hti;1;;;admin0cod;;
hti_adm1_mapshaper;geom;USER-DEFINED;hti;1;;;;;
hti_adm2_mapshaper;gid;integer;hti;2;;;;;
hti_adm2_mapshaper;objectid;bigint;hti;2;;;;;
hti_adm2_mapshaper;id_com;bigint;hti;2;;;;;
hti_adm2_mapshaper;admin2pcod;character varying;hti;2;admin2pcod;;;;
hti_adm2_mapshaper;admin2name;character varying;hti;2;;admin2name;;;
hti_adm2_mapshaper;admin1pcod;character varying;hti;2;;;admin1pcod;;
hti_adm2_mapshaper;admin1name;character varying;hti;2;;;;admin1name;
hti_adm2_mapshaper;geom;USER-DEFINED;hti;2;;;;;
hti_adm3_mapshaper;gid;integer;hti;3;;;;;
hti_adm3_mapshaper;objectid;bigint;hti;3;;;;;
hti_adm3_mapshaper;id_section;character varying;hti;3;;;;;
hti_adm3_mapshaper;no_section;bigint;hti;3;;;;;
hti_adm3_mapshaper;id_com;bigint;hti;3;;;;;
hti_adm3_mapshaper;id_dep;bigint;hti;3;;;;;
hti_adm3_mapshaper;admin1pcod;character varying;hti;3;;;;;
hti_adm3_mapshaper;admin2pcod;character varying;hti;3;;;admin2pcod;;
hti_adm3_mapshaper;admin3pcod;character varying;hti;3;admin3pcod;;;;
hti_adm3_mapshaper;admin1name;character varying;hti;3;;;;;
hti_adm3_mapshaper;admin2name;character varying;hti;3;;;;admin2name;
hti_adm3_mapshaper;admin3name;character varying;hti;3;;admin3name;;;
hti_adm3_mapshaper;geom;USER-DEFINED;hti;3;;;;;
khm_adm1_mapshaper;gid;integer;khm;1;;;;;
khm_adm1_mapshaper;objectid;integer;khm;1;;;;;
khm_adm1_mapshaper;level;double precision;khm;1;;;;;
khm_adm1_mapshaper;hrname;character varying;khm;1;;hrname;;;
khm_adm1_mapshaper;hrpcode;character varying;khm;1;hrpcode;;;;
khm_adm1_mapshaper;hrparent;character varying;khm;1;;;hrparent;;
khm_adm1_mapshaper;pro_code;integer;khm;1;;;;;
khm_adm1_mapshaper;geom;USER-DEFINED;khm;1;;;;;
khm_adm2_mapshaper;gid;integer;khm;2;;;;;
khm_adm2_mapshaper;level;double precision;khm;2;;;;;
khm_adm2_mapshaper;hrname;character varying;khm;2;;hrname;;;
khm_adm2_mapshaper;hrpcode;character varying;khm;2;hrpcode;;;;
khm_adm2_mapshaper;hrparent;character varying;khm;2;;;hrparent;;
khm_adm2_mapshaper;dis_name;character varying;khm;2;;;;;
khm_adm2_mapshaper;dis_code;bigint;khm;2;;;;;
khm_adm2_mapshaper;pro_code;bigint;khm;2;;;;;
khm_adm2_mapshaper;geom;USER-DEFINED;khm;2;;;;;
khm_adm3_mapshaper;gid;integer;khm;3;;;;;
khm_adm3_mapshaper;objectid;integer;khm;3;;;;;
khm_adm3_mapshaper;level;double precision;khm;3;;;;;
khm_adm3_mapshaper;hrname;character varying;khm;3;;hrname;;;
khm_adm3_mapshaper;hrpcode;character varying;khm;3;hrpcode;;;;
khm_adm3_mapshaper;hrparent;character varying;khm;3;;;hrparent;;
khm_adm3_mapshaper;com_name;character varying;khm;3;;;;;
khm_adm3_mapshaper;com_code;bigint;khm;3;;;;;
khm_adm3_mapshaper;dis_code;bigint;khm;3;;;;;
khm_adm3_mapshaper;pro_code;bigint;khm;3;;;;;
khm_adm3_mapshaper;geom;USER-DEFINED;khm;3;;;;;
lao_adm1_mapshaper;gid;integer;lao;1;;;;;
lao_adm1_mapshaper;pcode;integer;lao;1;pcode;;;;
lao_adm1_mapshaper;pname;character varying;lao;1;;pname;;;
lao_adm1_mapshaper;name;integer;lao;1;;;;;
lao_adm1_mapshaper;geom;USER-DEFINED;lao;1;;;;;
lao_adm2_mapshaper;gid;integer;lao;2;;;;;
lao_adm2_mapshaper;pcode;integer;lao;2;;;pcode;;
lao_adm2_mapshaper;pname;character varying;lao;2;;;;pname;
lao_adm2_mapshaper;l_pname;character varying;lao;2;;;;;
lao_adm2_mapshaper;dcode;integer;lao;2;dcode;;;;
lao_adm2_mapshaper;dname;character varying;lao;2;;dname;;;
lao_adm2_mapshaper;l_dname;character varying;lao;2;;;;;
lao_adm2_mapshaper;area;bigint;lao;2;;;;;
lao_adm2_mapshaper;geom;USER-DEFINED;lao;2;;;;;
lka_adm2_mapshaper;gid;integer;lka;2;;;;;
lka_adm2_mapshaper;objectid;integer;lka;2;;;;;
lka_adm2_mapshaper;district_n;character varying;lka;2;;district_n;;;
lka_adm2_mapshaper;pproj_2013;double precision;lka;2;;;;;
lka_adm2_mapshaper;tot_pop;double precision;lka;2;;;;;tot_pop
lka_adm2_mapshaper;pproj_2014;double precision;lka;2;;;;;
lka_adm2_mapshaper;pproj_2015;double precision;lka;2;;;;;
lka_adm2_mapshaper;pproj_2016;double precision;lka;2;;;;;
lka_adm2_mapshaper;pproj_2017;double precision;lka;2;;;;;
lka_adm2_mapshaper;pproj_2018;double precision;lka;2;;;;;
lka_adm2_mapshaper;pproj_2019;double precision;lka;2;;;;;
lka_adm2_mapshaper;pproj_2020;double precision;lka;2;;;;;
lka_adm2_mapshaper;pproj_2021;double precision;lka;2;;;;;
lka_adm2_mapshaper;pproj_2022;double precision;lka;2;;;;;
lka_adm2_mapshaper;district_c;character varying;lka;2;district_c;;;;
lka_adm2_mapshaper;province_n;character varying;lka;2;;;;;
lka_adm2_mapshaper;province_c;double precision;lka;2;;;province_c;;
lka_adm2_mapshaper;shape_leng;double precision;lka;2;;;;;
lka_adm2_mapshaper;shape_area;double precision;lka;2;;;;;
lka_adm2_mapshaper;notes_;character varying;lka;2;;;;;
lka_adm2_mapshaper;report_;character varying;lka;2;;;;;
lka_adm2_mapshaper;hyperlink_;character varying;lka;2;;;;;
lka_adm2_mapshaper;source_;character varying;lka;2;;;;;
lka_adm2_mapshaper;createdate;date;lka;2;;;;;
lka_adm2_mapshaper;createby;character varying;lka;2;;;;;
lka_adm2_mapshaper;editdate;date;lka;2;;;;;
lka_adm2_mapshaper;editby;character varying;lka;2;;;;;
lka_adm2_mapshaper;contact_;character varying;lka;2;;;;;
lka_adm2_mapshaper;geom;USER-DEFINED;lka;2;;;;;
lka_adm3_mapshaper;gid;integer;lka;3;;;;;
lka_adm3_mapshaper;objectid;integer;lka;3;;;;;
lka_adm3_mapshaper;dsd_n;character varying;lka;3;;dsd_n;;;
lka_adm3_mapshaper;dsd_c;character varying;lka;3;dsd_c;;;;
lka_adm3_mapshaper;district_c;character varying;lka;3;;;;;
lka_adm3_mapshaper;pproj_2013;double precision;lka;3;;;;;
lka_adm3_mapshaper;tot_pop;double precision;lka;3;;;;;tot_pop
lka_adm3_mapshaper;pproj_2014;double precision;lka;3;;;;;
lka_adm3_mapshaper;pproj_2015;double precision;lka;3;;;;;
lka_adm3_mapshaper;pproj_2016;double precision;lka;3;;;;;
lka_adm3_mapshaper;pproj_2017;double precision;lka;3;;;;;
lka_adm3_mapshaper;pproj_2018;double precision;lka;3;;;;;
lka_adm3_mapshaper;pproj_2019;double precision;lka;3;;;;;
lka_adm3_mapshaper;pproj_2020;double precision;lka;3;;;;;
lka_adm3_mapshaper;pproj_2021;double precision;lka;3;;;;;
lka_adm3_mapshaper;pproj_2022;double precision;lka;3;;;;;
lka_adm3_mapshaper;shape_leng;double precision;lka;3;;;;;
lka_adm3_mapshaper;shape_area;double precision;lka;3;;;;;
lka_adm3_mapshaper;province_n;character varying;lka;3;;;;;
lka_adm3_mapshaper;district_n;character varying;lka;3;;;;district_n;
lka_adm3_mapshaper;province_c;integer;lka;3;;;;;
lka_adm3_mapshaper;district_1;character varying;lka;3;;;district_1;;
lka_adm3_mapshaper;notes_;character varying;lka;3;;;;;
lka_adm3_mapshaper;report_;character varying;lka;3;;;;;
lka_adm3_mapshaper;hyperlink_;character varying;lka;3;;;;;
lka_adm3_mapshaper;source_;character varying;lka;3;;;;;
lka_adm3_mapshaper;createdate;date;lka;3;;;;;
lka_adm3_mapshaper;createby;character varying;lka;3;;;;;
lka_adm3_mapshaper;editdate;date;lka;3;;;;;
lka_adm3_mapshaper;editby;character varying;lka;3;;;;;
lka_adm3_mapshaper;contact_;character varying;lka;3;;;;;
lka_adm3_mapshaper;geom;USER-DEFINED;lka;3;;;;;
lka_adm4_mapshaper;gid;integer;lka;4;;;;;
lka_adm4_mapshaper;objectid;integer;lka;4;;;;;
lka_adm4_mapshaper;province_n;character varying;lka;4;;;;;
lka_adm4_mapshaper;district_n;character varying;lka;4;;;;;
lka_adm4_mapshaper;dsd_n;character varying;lka;4;;;;dsd_n;
lka_adm4_mapshaper;dsd_c;character varying;lka;4;;;dsd_c;;
lka_adm4_mapshaper;gnd_n;character varying;lka;4;;gnd_n;;;
lka_adm4_mapshaper;gnd_no;character varying;lka;4;;;;;
lka_adm4_mapshaper;gnd_c;character varying;lka;4;;;;;
lka_adm4_mapshaper;province_c;character varying;lka;4;;;;;
lka_adm4_mapshaper;district_c;character varying;lka;4;;;;;
lka_adm4_mapshaper;gn_uid;character varying;lka;4;gn_uid;;;;
lka_adm4_mapshaper;oid_;integer;lka;4;;;;;
lka_adm4_mapshaper;uid_dist_d;character varying;lka;4;;;;;
lka_adm4_mapshaper;tot_pop;integer;lka;4;;;;;tot_pop
lka_adm4_mapshaper;rank_pop;integer;lka;4;;;;;
lka_adm4_mapshaper;male;integer;lka;4;;;;;
lka_adm4_mapshaper;female;integer;lka;4;;;;;
lka_adm4_mapshaper;ratiosex;double precision;lka;4;;;;;
lka_adm4_mapshaper;rank_sr;double precision;lka;4;;;;;
lka_adm4_mapshaper;f0to14;integer;lka;4;;;;;
lka_adm4_mapshaper;f15to59;integer;lka;4;;;;;
lka_adm4_mapshaper;over60;integer;lka;4;;;;;
lka_adm4_mapshaper;ratiodepen;double precision;lka;4;;;;;
lka_adm4_mapshaper;rank_dr;double precision;lka;4;;;;;
lka_adm4_mapshaper;buddhist;integer;lka;4;;;;;
lka_adm4_mapshaper;hindu;integer;lka;4;;;;;
lka_adm4_mapshaper;islam;integer;lka;4;;;;;
lka_adm4_mapshaper;romancatho;integer;lka;4;;;;;
lka_adm4_mapshaper;otherchris;integer;lka;4;;;;;
lka_adm4_mapshaper;othereligi;integer;lka;4;;;;;
lka_adm4_mapshaper;sinhalese;integer;lka;4;;;;;
lka_adm4_mapshaper;srilankata;integer;lka;4;;;;;
lka_adm4_mapshaper;indiantami;integer;lka;4;;;;;
lka_adm4_mapshaper;srilankamo;integer;lka;4;;;;;
lka_adm4_mapshaper;otherethgr;integer;lka;4;;;;;
lka_adm4_mapshaper;name_dist_;character varying;lka;4;;;;;
lka_adm4_mapshaper;num_gn;character varying;lka;4;;;;;
lka_adm4_mapshaper;area;double precision;lka;4;;;;;
lka_adm4_mapshaper;dist_c;character varying;lka;4;;;;;
lka_adm4_mapshaper;grpc_8101;character varying;lka;4;;;;;
lka_adm4_mapshaper;grpc_8112;double precision;lka;4;;;;;
lka_adm4_mapshaper;grpc_0112;character varying;lka;4;;;;;
lka_adm4_mapshaper;grpc__8113;double precision;lka;4;;;;;
lka_adm4_mapshaper;pproj_13;double precision;lka;4;;;;;
lka_adm4_mapshaper;pproj_14;double precision;lka;4;;;;;
lka_adm4_mapshaper;pproj_15;double precision;lka;4;;;;;
lka_adm4_mapshaper;pproj_16;double precision;lka;4;;;;;
lka_adm4_mapshaper;pproj_17;double precision;lka;4;;;;;
lka_adm4_mapshaper;pproj_18;double precision;lka;4;;;;;
lka_adm4_mapshaper;pproj_19;double precision;lka;4;;;;;
lka_adm4_mapshaper;pproj_20;double precision;lka;4;;;;;
lka_adm4_mapshaper;pproj_21;double precision;lka;4;;;;;
lka_adm4_mapshaper;pproj_22;double precision;lka;4;;;;;
lka_adm4_mapshaper;notes_;character varying;lka;4;;;;;
lka_adm4_mapshaper;report_;character varying;lka;4;;;;;
lka_adm4_mapshaper;hyperlink_;character varying;lka;4;;;;;
lka_adm4_mapshaper;source_;character varying;lka;4;;;;;
lka_adm4_mapshaper;createdate;date;lka;4;;;;;
lka_adm4_mapshaper;createby;character varying;lka;4;;;;;
lka_adm4_mapshaper;editdate;date;lka;4;;;;;
lka_adm4_mapshaper;editby;character varying;lka;4;;;;;
lka_adm4_mapshaper;contact_;character varying;lka;4;;;;;
lka_adm4_mapshaper;shape_leng;double precision;lka;4;;;;;
lka_adm4_mapshaper;shape_area;double precision;lka;4;;;;;
lka_adm4_mapshaper;geom;USER-DEFINED;lka;4;;;;;
mdg_adm1;gid;integer;mdg;1;;;;;
mdg_adm1;objectid;integer;mdg;1;;;;;
mdg_adm1;region;character varying;mdg;1;;region;;;
mdg_adm1;p_code;character varying;mdg;1;p_code;;;;
mdg_adm1;r_code;character varying;mdg;1;;;;;
mdg_adm1;source;character varying;mdg;1;;;;;
mdg_adm1;geom;USER-DEFINED;mdg;1;;;;;
mdg_adm2;gid;integer;mdg;2;;;;;
mdg_adm2;objectid;integer;mdg;2;;;;;
mdg_adm2;district;character varying;mdg;2;;district;;;
mdg_adm2;p_code;character varying;mdg;2;p_code;;;;
mdg_adm2;d_code;character varying;mdg;2;;;;;
mdg_adm2;region;character varying;mdg;2;;;;region;
mdg_adm2;reg_pcode;character varying;mdg;2;;;reg_pcode;;
mdg_adm2;r_code;character varying;mdg;2;;;;;
mdg_adm2;source;character varying;mdg;2;;;;;
mdg_adm2;geom;USER-DEFINED;mdg;2;;;;;
mdg_adm3;gid;integer;mdg;3;;;;;
mdg_adm3;commune;character varying;mdg;3;;commune;;;
mdg_adm3;p_code;character varying;mdg;3;p_code;;;;
mdg_adm3;c_code;character varying;mdg;3;;;;;
mdg_adm3;district;character varying;mdg;3;;;;district;
mdg_adm3;dist_pcode;character varying;mdg;3;;;dist_pcode;;
mdg_adm3;d_code;character varying;mdg;3;;;;;
mdg_adm3;region;character varying;mdg;3;;;;;
mdg_adm3;reg_pcode;character varying;mdg;3;;;;;
mdg_adm3;r_code;character varying;mdg;3;;;;;
mdg_adm3;source;character varying;mdg;3;;;;;
mdg_adm3;geom;USER-DEFINED;mdg;3;;;;;
mli_adm1_mapshaper;gid;integer;mli;1;;;;;
mli_adm1_mapshaper;objectid;integer;mli;1;;;;;
mli_adm1_mapshaper;admin0_nam;character varying;mli;1;;;;admin0_nam;
mli_adm1_mapshaper;pcode_ad_0;character varying;mli;1;;;pcode_ad_0;;
mli_adm1_mapshaper;admin1_nam;character varying;mli;1;;admin1_nam;;;
mli_adm1_mapshaper;pcode_ad_1;character varying;mli;1;pcode_ad_1;;;;
mli_adm1_mapshaper;admin1refn;character varying;mli;1;;;;;
mli_adm1_mapshaper;admin1altn;character varying;mli;1;;;;;
mli_adm1_mapshaper;admin1al_1;character varying;mli;1;;;;;
mli_adm1_mapshaper;date;date;mli;1;;;;;
mli_adm1_mapshaper;validon;date;mli;1;;;;;
mli_adm1_mapshaper;validto;date;mli;1;;;;;
mli_adm1_mapshaper;shape_leng;double precision;mli;1;;;;;
mli_adm1_mapshaper;pop2015_m;double precision;mli;1;;;;;
mli_adm1_mapshaper;pop2015_f;double precision;mli;1;;;;;
mli_adm1_mapshaper;pop2015_t;double precision;mli;1;;;;;
mli_adm1_mapshaper;shape_le_1;double precision;mli;1;;;;;
mli_adm1_mapshaper;shape_area;double precision;mli;1;;;;;
mli_adm1_mapshaper;pop2017_m;integer;mli;1;;;;;
mli_adm1_mapshaper;pop2017_f;integer;mli;1;;;;;
mli_adm1_mapshaper;pop2017_to;integer;mli;1;;;;;pop2017_to
mli_adm1_mapshaper;geom;USER-DEFINED;mli;1;;;;;
mli_adm2_mapshaper;gid;integer;mli;2;;;;;
mli_adm2_mapshaper;objectid;integer;mli;2;;;;;
mli_adm2_mapshaper;admin0_nam;character varying;mli;2;;;;;
mli_adm2_mapshaper;pcode_ad_0;character varying;mli;2;;;;;
mli_adm2_mapshaper;admin1_nam;character varying;mli;2;;;;admin1_nam;
mli_adm2_mapshaper;pcode_ad_1;character varying;mli;2;;;pcode_ad_1;;
mli_adm2_mapshaper;admin2_nam;character varying;mli;2;;admin2_nam;;;
mli_adm2_mapshaper;pcode_ad_2;character varying;mli;2;pcode_ad_2;;;;
mli_adm2_mapshaper;admin2refn;character varying;mli;2;;;;;
mli_adm2_mapshaper;admin2altn;character varying;mli;2;;;;;
mli_adm2_mapshaper;admin2al_1;character varying;mli;2;;;;;
mli_adm2_mapshaper;date;date;mli;2;;;;;
mli_adm2_mapshaper;validon;date;mli;2;;;;;
mli_adm2_mapshaper;validto;date;mli;2;;;;;
mli_adm2_mapshaper;shape_leng;double precision;mli;2;;;;;
mli_adm2_mapshaper;pop2015_m;double precision;mli;2;;;;;
mli_adm2_mapshaper;pop2015_f;double precision;mli;2;;;;;
mli_adm2_mapshaper;pop2015_t;double precision;mli;2;;;;;
mli_adm2_mapshaper;shape_le_1;double precision;mli;2;;;;;
mli_adm2_mapshaper;shape_area;double precision;mli;2;;;;;
mli_adm2_mapshaper;retournée;integer;mli;2;;;;;
mli_adm2_mapshaper;pop2017_m;integer;mli;2;;;;;
mli_adm2_mapshaper;pop2017_f;integer;mli;2;;;;;
mli_adm2_mapshaper;pop2017_t;integer;mli;2;;;;;pop2017_t
mli_adm2_mapshaper;geom;USER-DEFINED;mli;2;;;;;
mli_adm3_mapshaper;gid;integer;mli;3;;;;;
mli_adm3_mapshaper;objectid;integer;mli;3;;;;;
mli_adm3_mapshaper;admin0_nam;character varying;mli;3;;;;;
mli_adm3_mapshaper;pcode_ad_0;character varying;mli;3;;;;;
mli_adm3_mapshaper;admin1_nam;character varying;mli;3;;;;;
mli_adm3_mapshaper;pcode_ad_1;character varying;mli;3;;;;;
mli_adm3_mapshaper;admin2_nam;character varying;mli;3;;;;admin2_nam;
mli_adm3_mapshaper;pcode_ad_2;character varying;mli;3;;;pcode_ad_2;;
mli_adm3_mapshaper;admin3_nam;character varying;mli;3;;admin3_nam;;;
mli_adm3_mapshaper;pcode_ad_3;character varying;mli;3;pcode_ad_3;;;;
mli_adm3_mapshaper;admin3refn;character varying;mli;3;;;;;
mli_adm3_mapshaper;admin3altn;character varying;mli;3;;;;;
mli_adm3_mapshaper;admin3al_1;character varying;mli;3;;;;;
mli_adm3_mapshaper;date;date;mli;3;;;;;
mli_adm3_mapshaper;validon;date;mli;3;;;;;
mli_adm3_mapshaper;validto;date;mli;3;;;;;
mli_adm3_mapshaper;shape_leng;double precision;mli;3;;;;;
mli_adm3_mapshaper;numero;integer;mli;3;;;;;
mli_adm3_mapshaper;pop2015_m;double precision;mli;3;;;;;
mli_adm3_mapshaper;pop2015_f;double precision;mli;3;;;;;
mli_adm3_mapshaper;pop2015_to;double precision;mli;3;;;;;
mli_adm3_mapshaper;shape_le_1;double precision;mli;3;;;;;
mli_adm3_mapshaper;shape_area;double precision;mli;3;;;;;
mli_adm3_mapshaper;density;double precision;mli;3;;;;;
mli_adm3_mapshaper;area_km;double precision;mli;3;;;;;
mli_adm3_mapshaper;pop2017_m;integer;mli;3;;;;;
mli_adm3_mapshaper;pop2017_f;integer;mli;3;;;;;
mli_adm3_mapshaper;pop2017_to;integer;mli;3;;;;;pop2017_to
mli_adm3_mapshaper;geom;USER-DEFINED;mli;3;;;;;
moz_adm1;gid;integer;moz;1;;;;;
moz_adm1;objectid;integer;moz;1;;;;;
moz_adm1;cntry_code;character varying;moz;1;;;;;
moz_adm1;country;character varying;moz;1;;;;;
moz_adm1;province;character varying;moz;1;;;;;
moz_adm1;salb_code;character varying;moz;1;;;;;
moz_adm1;wfp_code;character varying;moz;1;;;;;
moz_adm1;source;character varying;moz;1;;;;;
moz_adm1;hrname;character varying;moz;1;;hrname;;;
moz_adm1;hrpcode;character varying;moz;1;hrpcode;;;;
moz_adm1;hrparent;character varying;moz;1;;;hrparent;;
moz_adm1;geom;USER-DEFINED;moz;1;;;;;
moz_adm2_mapshaper;gid;integer;moz;2;;;;;
moz_adm2_mapshaper;objectid_1;integer;moz;2;;;;;
moz_adm2_mapshaper;province;character varying;moz;2;;;;province;
moz_adm2_mapshaper;prov_code;character varying;moz;2;;;prov_code;;
moz_adm2_mapshaper;district;character varying;moz;2;;district;;;
moz_adm2_mapshaper;district_p;character varying;moz;2;;;;;
moz_adm2_mapshaper;geohive_co;double precision;moz;2;;;;;
moz_adm2_mapshaper;d_code;double precision;moz;2;;;;;
moz_adm2_mapshaper;p_code;character varying;moz;2;p_code;;;;
moz_adm2_mapshaper;pop_2007;double precision;moz;2;;;;;pop_2007
moz_adm2_mapshaper;proj_2012;double precision;moz;2;;;;;
moz_adm2_mapshaper;source;character varying;moz;2;;;;;
moz_adm2_mapshaper;proj_2015;double precision;moz;2;;;;;
moz_adm2_mapshaper;geom;USER-DEFINED;moz;2;;;;;
mwi_adm1_mapshaper;gid;integer;mwi;1;;;;;
mwi_adm1_mapshaper;p_code;character varying;mwi;1;p_code;;;;
mwi_adm1_mapshaper;region;character varying;mwi;1;;region;;;
mwi_adm1_mapshaper;pop08;double precision;mwi;1;;;;;pop08
mwi_adm1_mapshaper;male;double precision;mwi;1;;;;;
mwi_adm1_mapshaper;female;double precision;mwi;1;;;;;
mwi_adm1_mapshaper;source;character varying;mwi;1;;;;;
mwi_adm1_mapshaper;geom;USER-DEFINED;mwi;1;;;;;
mwi_adm2_mapshaper;gid;integer;mwi;2;;;;;
mwi_adm2_mapshaper;objectid;integer;mwi;2;;;;;
mwi_adm2_mapshaper;p_code;character varying;mwi;2;p_code;;;;
mwi_adm2_mapshaper;district;character varying;mwi;2;;district;;;
mwi_adm2_mapshaper;region;character varying;mwi;2;;;;region;
mwi_adm2_mapshaper;pop08;double precision;mwi;2;;;;;pop08
mwi_adm2_mapshaper;male;double precision;mwi;2;;;;;
mwi_adm2_mapshaper;female;double precision;mwi;2;;;;;
mwi_adm2_mapshaper;source;character varying;mwi;2;;;;;
mwi_adm2_mapshaper;notes;character varying;mwi;2;;;;;
mwi_adm2_mapshaper;geom;USER-DEFINED;mwi;2;;;;;
mwi_adm3_mapshaper;gid;integer;mwi;3;;;;;
mwi_adm3_mapshaper;objectid;integer;mwi;3;;;;;
mwi_adm3_mapshaper;p_code;character varying;mwi;3;p_code;;;;
mwi_adm3_mapshaper;trad_auth;character varying;mwi;3;;trad_auth;;;
mwi_adm3_mapshaper;district;character varying;mwi;3;;;;;
mwi_adm3_mapshaper;region;character varying;mwi;3;;;;region;
mwi_adm3_mapshaper;pop2008;double precision;mwi;3;;;;;pop2008
mwi_adm3_mapshaper;note_;character varying;mwi;3;;;;;
mwi_adm3_mapshaper;source;character varying;mwi;3;;;;;
mwi_adm3_mapshaper;geom;USER-DEFINED;mwi;3;;;;;
nam_adm1_mapshaper;gid;integer;nam;1;;;;;
nam_adm1_mapshaper;p_code;character varying;nam;1;;;;;
nam_adm1_mapshaper;reg_no;character varying;nam;1;;;;;
nam_adm1_mapshaper;region;character varying;nam;1;;;;;
nam_adm1_mapshaper;old_name;character varying;nam;1;;;;;
nam_adm1_mapshaper;source_;character varying;nam;1;;;;;
nam_adm1_mapshaper;hrname;character varying;nam;1;;hrname;;;
nam_adm1_mapshaper;hrpcode;character varying;nam;1;hrpcode;;;;
nam_adm1_mapshaper;hrparent;character varying;nam;1;;;hrparent;;
nam_adm1_mapshaper;geom;USER-DEFINED;nam;1;;;;;
ner_adm1_mapshaper;gid;integer;ner;1;;;;;
ner_adm1_mapshaper;objectid;integer;ner;1;;;;;
ner_adm1_mapshaper;admin1name;character varying;ner;1;;admin1name;;;
ner_adm1_mapshaper;admin1pcod;character varying;ner;1;admin1pcod;;;;
ner_adm1_mapshaper;admin1refn;character varying;ner;1;;;;;
ner_adm1_mapshaper;admin0name;character varying;ner;1;;;;admin0name;
ner_adm1_mapshaper;admin0pcod;character varying;ner;1;;;admin0pcod;;
ner_adm1_mapshaper;date;date;ner;1;;;;;
ner_adm1_mapshaper;validon;date;ner;1;;;;;
ner_adm1_mapshaper;validto;date;ner;1;;;;;
ner_adm1_mapshaper;shape_leng;double precision;ner;1;;;;;
ner_adm1_mapshaper;shape_area;double precision;ner;1;;;;;
ner_adm1_mapshaper;rowcacode1;character varying;ner;1;;;;;
ner_adm1_mapshaper;geom;USER-DEFINED;ner;1;;;;;
ner_adm2_mapshaper;gid;integer;ner;2;;;;;
ner_adm2_mapshaper;objectid;integer;ner;2;;;;;
ner_adm2_mapshaper;admin2name;character varying;ner;2;;admin2name;;;
ner_adm2_mapshaper;admin2pcod;character varying;ner;2;admin2pcod;;;;
ner_adm2_mapshaper;admin2refn;character varying;ner;2;;;;;
ner_adm2_mapshaper;admin1name;character varying;ner;2;;;admin1name;;
ner_adm2_mapshaper;admin1pcod;character varying;ner;2;;admin1pcod;;;
ner_adm2_mapshaper;admin0name;character varying;ner;2;;;;;
ner_adm2_mapshaper;admin0pcod;character varying;ner;2;;;;;
ner_adm2_mapshaper;date;date;ner;2;;;;;
ner_adm2_mapshaper;validon;date;ner;2;;;;;
ner_adm2_mapshaper;validto;date;ner;2;;;;;
ner_adm2_mapshaper;shape_leng;double precision;ner;2;;;;;
ner_adm2_mapshaper;shape_area;double precision;ner;2;;;;;
ner_adm2_mapshaper;rowcacode1;character varying;ner;2;;;;;
ner_adm2_mapshaper;rowcacode2;character varying;ner;2;;;;;
ner_adm2_mapshaper;geom;USER-DEFINED;ner;2;;;;;
nga_adm1_mapshaper;gid;integer;nga;1;;;;;
nga_adm1_mapshaper;admin1name;character varying;nga;1;;admin1name;;;
nga_adm1_mapshaper;admin1pcod;character varying;nga;1;admin1pcod;;;;
nga_adm1_mapshaper;admin1refn;character varying;nga;1;;;;;
nga_adm1_mapshaper;admin1altn;character varying;nga;1;;;;;
nga_adm1_mapshaper;admin1al_1;character varying;nga;1;;;;;
nga_adm1_mapshaper;admin0name;character varying;nga;1;;;;admin0name;
nga_adm1_mapshaper;admin0pcod;character varying;nga;1;;;admin0pcod;;
nga_adm1_mapshaper;date;date;nga;1;;;;;
nga_adm1_mapshaper;validon;date;nga;1;;;;;
nga_adm1_mapshaper;validto;date;nga;1;;;;;
nga_adm1_mapshaper;shape_leng;double precision;nga;1;;;;;
nga_adm1_mapshaper;shape_area;double precision;nga;1;;;;;
nga_adm1_mapshaper;geom;USER-DEFINED;nga;1;;;;;
nga_adm2_mapshaper;gid;integer;nga;2;;;;;
nga_adm2_mapshaper;admin2name;character varying;nga;2;;admin2name;;;
nga_adm2_mapshaper;admin2pcod;character varying;nga;2;admin2pcod;;;;
nga_adm2_mapshaper;admin2refn;character varying;nga;2;;;;;
nga_adm2_mapshaper;admin2altn;character varying;nga;2;;;;;
nga_adm2_mapshaper;admin2al_1;character varying;nga;2;;;;;
nga_adm2_mapshaper;admin1name;character varying;nga;2;;;;admin1name;
nga_adm2_mapshaper;admin1pcod;character varying;nga;2;;;admin1pcod;;
nga_adm2_mapshaper;admin0name;character varying;nga;2;;;;;
nga_adm2_mapshaper;admin0pcod;character varying;nga;2;;;;;
nga_adm2_mapshaper;date;date;nga;2;;;;;
nga_adm2_mapshaper;validon;date;nga;2;;;;;
nga_adm2_mapshaper;validto;date;nga;2;;;;;
nga_adm2_mapshaper;shape_leng;double precision;nga;2;;;;;
nga_adm2_mapshaper;shape_area;double precision;nga;2;;;;;
nga_adm2_mapshaper;geom;USER-DEFINED;nga;2;;;;;
nga_adm3_mapshaper;gid;integer;nga;3;;;;;
nga_adm3_mapshaper;admin3name;character varying;nga;3;;admin3name;;;
nga_adm3_mapshaper;admin3pcod;character varying;nga;3;admin3pcod;;;;
nga_adm3_mapshaper;admin3refn;character varying;nga;3;;;;;
nga_adm3_mapshaper;admin3altn;character varying;nga;3;;;;;
nga_adm3_mapshaper;admin3al_1;character varying;nga;3;;;;;
nga_adm3_mapshaper;admin2name;character varying;nga;3;;;;admin2name;
nga_adm3_mapshaper;admin2pcod;character varying;nga;3;;;admin2pcod;;
nga_adm3_mapshaper;admin1name;character varying;nga;3;;;;;
nga_adm3_mapshaper;admin1pcod;character varying;nga;3;;;;;
nga_adm3_mapshaper;admin0name;character varying;nga;3;;;;;
nga_adm3_mapshaper;admin0pcod;character varying;nga;3;;;;;
nga_adm3_mapshaper;date;date;nga;3;;;;;
nga_adm3_mapshaper;validon;date;nga;3;;;;;
nga_adm3_mapshaper;validto;date;nga;3;;;;;
nga_adm3_mapshaper;shape_leng;double precision;nga;3;;;;;
nga_adm3_mapshaper;shape_area;double precision;nga;3;;;;;
nga_adm3_mapshaper;geom;USER-DEFINED;nga;3;;;;;
npl_adm1_mapshaper;gid;integer;npl;1;;;;;
npl_adm1_mapshaper;area;double precision;npl;1;;;;;
npl_adm1_mapshaper;ocha_rcode;character varying;npl;1;;;;;
npl_adm1_mapshaper;reg_name_s;character varying;npl;1;;;;;
npl_adm1_mapshaper;reg_code;character varying;npl;1;;;;;
npl_adm1_mapshaper;reg_name;character varying;npl;1;;;;;
npl_adm1_mapshaper;centroid_x;double precision;npl;1;;;;;
npl_adm1_mapshaper;centroid_y;double precision;npl;1;;;;;
npl_adm1_mapshaper;y_max;double precision;npl;1;;;;;
npl_adm1_mapshaper;y_min;double precision;npl;1;;;;;
npl_adm1_mapshaper;x_max;double precision;npl;1;;;;;
npl_adm1_mapshaper;x_min;double precision;npl;1;;;;;
npl_adm1_mapshaper;hrname;character varying;npl;1;;hrname;;;
npl_adm1_mapshaper;hrpcode;character varying;npl;1;hrpcode;;;;
npl_adm1_mapshaper;hrparent;character varying;npl;1;;;hrparent;;
npl_adm1_mapshaper;geom;USER-DEFINED;npl;1;;;;;
npl_adm2_mapshaper;gid;integer;npl;2;;;;;
npl_adm2_mapshaper;area;double precision;npl;2;;;;;
npl_adm2_mapshaper;reg_code;character varying;npl;2;;;;;
npl_adm2_mapshaper;ocha_zcode;character varying;npl;2;;;;;
npl_adm2_mapshaper;zone_code;character varying;npl;2;;;;;
npl_adm2_mapshaper;zone_name;character varying;npl;2;;;;;
npl_adm2_mapshaper;hrname;character varying;npl;2;;hrname;;;
npl_adm2_mapshaper;hrpcode;character varying;npl;2;hrpcode;;;;
npl_adm2_mapshaper;hrparent;character varying;npl;2;;;hrparent;;
npl_adm2_mapshaper;geom;USER-DEFINED;npl;2;;;;;
npl_adm3_mapshaper;gid;integer;npl;3;;;;;
npl_adm3_mapshaper;district;character varying;npl;3;;;;;
npl_adm3_mapshaper;zone;character varying;npl;3;;;;;
npl_adm3_mapshaper;area;double precision;npl;3;;;;;
npl_adm3_mapshaper;dist_id;character varying;npl;3;;;;;
npl_adm3_mapshaper;reg_code;character varying;npl;3;;;;;
npl_adm3_mapshaper;zone_code;character varying;npl;3;;;;;
npl_adm3_mapshaper;ocha_pcode;character varying;npl;3;;;;;
npl_adm3_mapshaper;hlcit_code;character varying;npl;3;;;;;
npl_adm3_mapshaper;centroid_x;double precision;npl;3;;;;;
npl_adm3_mapshaper;y_max;double precision;npl;3;;;;;
npl_adm3_mapshaper;y_min;double precision;npl;3;;;;;
npl_adm3_mapshaper;x_max;double precision;npl;3;;;;;
npl_adm3_mapshaper;x_min;double precision;npl;3;;;;;
npl_adm3_mapshaper;centroid_y;double precision;npl;3;;;;;
npl_adm3_mapshaper;hrname;character varying;npl;3;;hrname;;;
npl_adm3_mapshaper;hrpcode;character varying;npl;3;hrpcode;;;;
npl_adm3_mapshaper;hrparent;character varying;npl;3;;;hrparent;;
npl_adm3_mapshaper;geom;USER-DEFINED;npl;3;;;;;
pak_adm1_mapshaper;gid;integer;pak;1;;;;;
pak_adm1_mapshaper;province;character varying;pak;1;;;;;
pak_adm1_mapshaper;province_c;double precision;pak;1;;;;;
pak_adm1_mapshaper;hrname;character varying;pak;1;;hrname;;;
pak_adm1_mapshaper;hrpcode;character varying;pak;1;hrpcode;;;;
pak_adm1_mapshaper;hrparent;character varying;pak;1;;;hrparent;;
pak_adm1_mapshaper;lon;double precision;pak;1;;;;;
pak_adm1_mapshaper;lat;double precision;pak;1;;;;;
pak_adm1_mapshaper;geom;USER-DEFINED;pak;1;;;;;
pak_adm2_mapshaper;gid;integer;pak;2;;;;;
pak_adm2_mapshaper;objectid;integer;pak;2;;;;;
pak_adm2_mapshaper;province;character varying;pak;2;;;;;
pak_adm2_mapshaper;province_c;double precision;pak;2;;;;;
pak_adm2_mapshaper;district;character varying;pak;2;;;;;
pak_adm2_mapshaper;district_c;integer;pak;2;;;;;
pak_adm2_mapshaper;shape_leng;double precision;pak;2;;;;;
pak_adm2_mapshaper;shape_area;double precision;pak;2;;;;;
pak_adm2_mapshaper;hrname;character varying;pak;2;;hrname;;;
pak_adm2_mapshaper;hrpcode;character varying;pak;2;hrpcode;;;;
pak_adm2_mapshaper;hrparent;character varying;pak;2;;;hrparent;;
pak_adm2_mapshaper;geom;USER-DEFINED;pak;2;;;;;
pak_adm3_mapshaper;gid;integer;pak;3;;;;;
pak_adm3_mapshaper;province;character varying;pak;3;;;;;
pak_adm3_mapshaper;province_c;double precision;pak;3;;;;;
pak_adm3_mapshaper;district;character varying;pak;3;;;;;
pak_adm3_mapshaper;district_c;integer;pak;3;;;;;
pak_adm3_mapshaper;tehsil;character varying;pak;3;;;;;
pak_adm3_mapshaper;tehsil_c;double precision;pak;3;;;;;
pak_adm3_mapshaper;remarks;character varying;pak;3;;;;;
pak_adm3_mapshaper;t_name;character varying;pak;3;;;;;
pak_adm3_mapshaper;cen_lat;double precision;pak;3;;;;;
pak_adm3_mapshaper;cen_lon;double precision;pak;3;;;;;
pak_adm3_mapshaper;hrname;character varying;pak;3;;hrname;;;
pak_adm3_mapshaper;hrpcode;character varying;pak;3;hrpcode;;;;
pak_adm3_mapshaper;hrparent;character varying;pak;3;;;hrparent;;
pak_adm3_mapshaper;geom;USER-DEFINED;pak;3;;;;;
phl_adm1_mapshaper;gid;integer;phl;1;;;;;
phl_adm1_mapshaper;objectid;bigint;phl;1;;;;;
phl_adm1_mapshaper;reg_code;character varying;phl;1;;;;;
phl_adm1_mapshaper;reg_name;character varying;phl;1;;;;;
phl_adm1_mapshaper;shape_leng;double precision;phl;1;;;;;
phl_adm1_mapshaper;shape_area;double precision;phl;1;;;;;
phl_adm1_mapshaper;country;character varying;phl;1;;;;;
phl_adm1_mapshaper;geom;USER-DEFINED;phl;1;;;;;
phl_adm2_mapshaper;gid;integer;phl;2;;;;;
phl_adm2_mapshaper;objectid;bigint;phl;2;;;;;
phl_adm2_mapshaper;reg_code;character varying;phl;2;;;;;
phl_adm2_mapshaper;reg_name;character varying;phl;2;;;;;
phl_adm2_mapshaper;pro_code;character varying;phl;2;;;;;
phl_adm2_mapshaper;pro_name;character varying;phl;2;;;;;
phl_adm2_mapshaper;shape_leng;double precision;phl;2;;;;;
phl_adm2_mapshaper;shape_area;double precision;phl;2;;;;;
phl_adm2_mapshaper;geom;USER-DEFINED;phl;2;;;;;
phl_adm3_mapshaper;gid;integer;phl;3;;;;;
phl_adm3_mapshaper;objectid;bigint;phl;3;;;;;
phl_adm3_mapshaper;reg_code;character varying;phl;3;;;;;
phl_adm3_mapshaper;reg_name;character varying;phl;3;;;;;
phl_adm3_mapshaper;pro_code;character varying;phl;3;;;;;
phl_adm3_mapshaper;pro_name;character varying;phl;3;;;;;
phl_adm3_mapshaper;mun_code;character varying;phl;3;;;;;
phl_adm3_mapshaper;mun_name;character varying;phl;3;;;;;
phl_adm3_mapshaper;shape_leng;double precision;phl;3;;;;;
phl_adm3_mapshaper;shape_area;double precision;phl;3;;;;;
phl_adm3_mapshaper;geom;USER-DEFINED;phl;3;;;;;
png_adm1_mapshaper;gid;integer;png;1;;;;;
png_adm1_mapshaper;objectid;integer;png;1;;;;;
png_adm1_mapshaper;id;integer;png;1;;;;;
png_adm1_mapshaper;fromnode;integer;png;1;;;;;
png_adm1_mapshaper;tonode;integer;png;1;;;;;
png_adm1_mapshaper;leftpolyg;integer;png;1;;;;;
png_adm1_mapshaper;rightpoly;integer;png;1;;;;;
png_adm1_mapshaper;shape_leng;double precision;png;1;;;;;
png_adm1_mapshaper;geom;USER-DEFINED;png;1;;;;;
png_adm2_mapshaper;gid;integer;png;2;;;;;
png_adm2_mapshaper;objectid;integer;png;2;;;;;
png_adm2_mapshaper;id;integer;png;2;;;;;
png_adm2_mapshaper;fromnode;integer;png;2;;;;;
png_adm2_mapshaper;tonode;integer;png;2;;;;;
png_adm2_mapshaper;leftpolygo;integer;png;2;;;;;
png_adm2_mapshaper;rightpolyg;integer;png;2;;;;;
png_adm2_mapshaper;shape_leng;double precision;png;2;;;;;
png_adm2_mapshaper;geom;USER-DEFINED;png;2;;;;;
png_adm3_mapshaper;gid;integer;png;3;;;;;
png_adm3_mapshaper;id;character varying;png;3;;;;;
png_adm3_mapshaper;name;character varying;png;3;;name;;;
png_adm3_mapshaper;area;double precision;png;3;;;;;
png_adm3_mapshaper;geocode;character varying;png;3;geocode;;;;
png_adm3_mapshaper;totpop;integer;png;3;;;;;totpop
png_adm3_mapshaper;totmal;integer;png;3;;;;;
png_adm3_mapshaper;totfem;integer;png;3;;;;;
png_adm3_mapshaper;pop_0;integer;png;3;;;;;
png_adm3_mapshaper;mal_0;integer;png;3;;;;;
png_adm3_mapshaper;fem_0;integer;png;3;;;;;
png_adm3_mapshaper;pop_0to4;integer;png;3;;;;;
png_adm3_mapshaper;mal_0to4;integer;png;3;;;;;
png_adm3_mapshaper;fem_0to4;integer;png;3;;;;;
png_adm3_mapshaper;pop_5to8;integer;png;3;;;;;
png_adm3_mapshaper;mal_5to8;integer;png;3;;;;;
png_adm3_mapshaper;fem_5to8;integer;png;3;;;;;
png_adm3_mapshaper;pop_9to14;integer;png;3;;;;;
png_adm3_mapshaper;mal_9to14;integer;png;3;;;;;
png_adm3_mapshaper;fem_9to14;integer;png;3;;;;;
png_adm3_mapshaper;pop_10to19;integer;png;3;;;;;
png_adm3_mapshaper;mal_10to19;integer;png;3;;;;;
png_adm3_mapshaper;fem_10to19;integer;png;3;;;;;
png_adm3_mapshaper;pop_15to19;integer;png;3;;;;;
png_adm3_mapshaper;mal_15to19;integer;png;3;;;;;
png_adm3_mapshaper;fem_15to19;integer;png;3;;;;;
png_adm3_mapshaper;pop_15to49;integer;png;3;;;;;
png_adm3_mapshaper;mal_15to49;integer;png;3;;;;;
png_adm3_mapshaper;fem_15to49;integer;png;3;;;;;
png_adm3_mapshaper;citpop;integer;png;3;;;;;
png_adm3_mapshaper;citmal;integer;png;3;;;;;
png_adm3_mapshaper;citfem;integer;png;3;;;;;
png_adm3_mapshaper;sratio_tot;double precision;png;3;;;;;
png_adm3_mapshaper;sratio_cit;double precision;png;3;;;;;
png_adm3_mapshaper;citpop18;integer;png;3;;;;;
png_adm3_mapshaper;citmal18;integer;png;3;;;;;
png_adm3_mapshaper;citfem18;integer;png;3;;;;;
png_adm3_mapshaper;citpercent;double precision;png;3;;;;;
png_adm3_mapshaper;density;double precision;png;3;;;;;
png_adm3_mapshaper;reghh;integer;png;3;;;;;
png_adm3_mapshaper;cithh;integer;png;3;;;;;
png_adm3_mapshaper;hhsize;double precision;png;3;;;;;
png_adm3_mapshaper;howner;double precision;png;3;;;;;
png_adm3_mapshaper;traddwel;double precision;png;3;;;;;
png_adm3_mapshaper;hagric;double precision;png;3;;;;;
png_adm3_mapshaper;hfoodgrow;double precision;png;3;;;;;
png_adm3_mapshaper;hincome;double precision;png;3;;;;;
png_adm3_mapshaper;hfoodsell;double precision;png;3;;;;;
png_adm3_mapshaper;pop0_14;double precision;png;3;;;;;
png_adm3_mapshaper;mal0_14;double precision;png;3;;;;;
png_adm3_mapshaper;fem0_14;double precision;png;3;;;;;
png_adm3_mapshaper;pop65ov;double precision;png;3;;;;;
png_adm3_mapshaper;mal65ov;double precision;png;3;;;;;
png_adm3_mapshaper;fem65ov;double precision;png;3;;;;;
png_adm3_mapshaper;depratio;double precision;png;3;;;;;
png_adm3_mapshaper;totmedian;double precision;png;3;;;;;
png_adm3_mapshaper;malmedian;double precision;png;3;;;;;
png_adm3_mapshaper;femmedian;double precision;png;3;;;;;
png_adm3_mapshaper;totmarried;double precision;png;3;;;;;
png_adm3_mapshaper;malmarried;double precision;png;3;;;;;
png_adm3_mapshaper;femmarried;double precision;png;3;;;;;
png_adm3_mapshaper;tot_smam;double precision;png;3;;;;;
png_adm3_mapshaper;mal_smam;double precision;png;3;;;;;
png_adm3_mapshaper;fem_smam;double precision;png;3;;;;;
png_adm3_mapshaper;malhead;double precision;png;3;;;;;
png_adm3_mapshaper;femhead;double precision;png;3;;;;;
png_adm3_mapshaper;t_migrant;double precision;png;3;;;;;
png_adm3_mapshaper;m_migrant;double precision;png;3;;;;;
png_adm3_mapshaper;f_migrant;double precision;png;3;;;;;
png_adm3_mapshaper;t_provmig;double precision;png;3;;;;;
png_adm3_mapshaper;m_provmig;double precision;png;3;;;;;
png_adm3_mapshaper;f_provmig;double precision;png;3;;;;;
png_adm3_mapshaper;t_attend;double precision;png;3;;;;;
png_adm3_mapshaper;m_attend;double precision;png;3;;;;;
png_adm3_mapshaper;f_attend;double precision;png;3;;;;;
png_adm3_mapshaper;t618_att;double precision;png;3;;;;;
png_adm3_mapshaper;m618_att;double precision;png;3;;;;;
png_adm3_mapshaper;f618_att;double precision;png;3;;;;;
png_adm3_mapshaper;t10_att;double precision;png;3;;;;;
png_adm3_mapshaper;m10_att;double precision;png;3;;;;;
png_adm3_mapshaper;f10_att;double precision;png;3;;;;;
png_adm3_mapshaper;t_grad6;double precision;png;3;;;;;
png_adm3_mapshaper;m_grad6;double precision;png;3;;;;;
png_adm3_mapshaper;f_grad6;double precision;png;3;;;;;
png_adm3_mapshaper;t_grad10;double precision;png;3;;;;;
png_adm3_mapshaper;m_grad10;double precision;png;3;;;;;
png_adm3_mapshaper;f_grad10;double precision;png;3;;;;;
png_adm3_mapshaper;t_qual;double precision;png;3;;;;;
png_adm3_mapshaper;m_qual;double precision;png;3;;;;;
png_adm3_mapshaper;f_qual;double precision;png;3;;;;;
png_adm3_mapshaper;t_literate;double precision;png;3;;;;;
png_adm3_mapshaper;m_literate;double precision;png;3;;;;;
png_adm3_mapshaper;f_literate;double precision;png;3;;;;;
png_adm3_mapshaper;totactive;double precision;png;3;;;;;
png_adm3_mapshaper;malactive;double precision;png;3;;;;;
png_adm3_mapshaper;femactive;double precision;png;3;;;;;
png_adm3_mapshaper;totemploy;double precision;png;3;;;;;
png_adm3_mapshaper;malemploy;double precision;png;3;;;;;
png_adm3_mapshaper;fememploy;double precision;png;3;;;;;
png_adm3_mapshaper;t_educind;double precision;png;3;;;;;
png_adm3_mapshaper;m_educind;double precision;png;3;;;;;
png_adm3_mapshaper;f_educind;double precision;png;3;;;;;
png_adm3_mapshaper;t_medind;double precision;png;3;;;;;
png_adm3_mapshaper;m_medind;double precision;png;3;;;;;
png_adm3_mapshaper;f_medind;double precision;png;3;;;;;
png_adm3_mapshaper;province;character varying;png;3;;;;;
png_adm3_mapshaper;prov_pcode;character varying;png;3;;;;;
png_adm3_mapshaper;district;character varying;png;3;;;;;
png_adm3_mapshaper;dist_pcode;character varying;png;3;;;;;
png_adm3_mapshaper;llp_pcode;character varying;png;3;;;;;
png_adm3_mapshaper;geom;USER-DEFINED;png;3;;;;;
prk_adm1_mapshaper;gid;integer;prk;1;;;;;
prk_adm1_mapshaper;objectid;integer;prk;1;;;;;
prk_adm1_mapshaper;adm1_code;double precision;prk;1;adm1_code;;;;
prk_adm1_mapshaper;adm1_name;character varying;prk;1;;adm1_name;;;
prk_adm1_mapshaper;adm1_alt;character varying;prk;1;;;;;
prk_adm1_mapshaper;shape_leng;double precision;prk;1;;;;;
prk_adm1_mapshaper;shape_area;double precision;prk;1;;;;;
prk_adm1_mapshaper;geom;USER-DEFINED;prk;1;;;;;
prk_adm2_mapshaper;gid;integer;prk;2;;;;;
prk_adm2_mapshaper;objectid;integer;prk;2;;;;;
prk_adm2_mapshaper;adm1_code;double precision;prk;2;;;adm1_code;;
prk_adm2_mapshaper;adm2011;character varying;prk;2;adm2011;;;;
prk_adm2_mapshaper;adm1_name;character varying;prk;2;;;;adm1_name;
prk_adm2_mapshaper;shape_leng;double precision;prk;2;;;;;
prk_adm2_mapshaper;shape_area;double precision;prk;2;;;;;
prk_adm2_mapshaper;adm2_name_;character varying;prk;2;;adm2_name_;;;
prk_adm2_mapshaper;adm2_name;character varying;prk;2;;;;;
prk_adm2_mapshaper;adm1_name_;character varying;prk;2;;;;;
prk_adm2_mapshaper;geom;USER-DEFINED;prk;2;;;;;
pse_adm1_mapshaper;gid;integer;pse;1;;;;;
pse_adm1_mapshaper;admin1name;character varying;pse;1;;admin1name;;;
pse_adm1_mapshaper;admin1pcod;character varying;pse;1;admin1pcod;;;;
pse_adm1_mapshaper;admin1refn;character varying;pse;1;;;;;
pse_adm1_mapshaper;admin0name;character varying;pse;1;;;;admin0name;
pse_adm1_mapshaper;admin0pcod;character varying;pse;1;;;admin0pcod;;
pse_adm1_mapshaper;date;date;pse;1;;;;;
pse_adm1_mapshaper;shape_leng;double precision;pse;1;;;;;
pse_adm1_mapshaper;shape_area;double precision;pse;1;;;;;
pse_adm1_mapshaper;geom;USER-DEFINED;pse;1;;;;;
pse_adm2_mapshaper;gid;integer;pse;2;;;;;
pse_adm2_mapshaper;admin2name;character varying;pse;2;;admin2name;;;
pse_adm2_mapshaper;admin2pcod;character varying;pse;2;admin2pcod;;;;
pse_adm2_mapshaper;admin2refn;character varying;pse;2;;;;;
pse_adm2_mapshaper;admin1name;character varying;pse;2;;;;admin1name;
pse_adm2_mapshaper;admin1pcod;character varying;pse;2;;;admin1pcod;;
pse_adm2_mapshaper;admin0name;character varying;pse;2;;;;;
pse_adm2_mapshaper;admin0pcod;character varying;pse;2;;;;;
pse_adm2_mapshaper;date;date;pse;2;;;;;
pse_adm2_mapshaper;shape_leng;double precision;pse;2;;;;;
pse_adm2_mapshaper;shape_area;double precision;pse;2;;;;;
pse_adm2_mapshaper;geom;USER-DEFINED;pse;2;;;;;
sdn_adm1_mapshaper;gid;integer;sdn;1;;;;;
sdn_adm1_mapshaper;objectid;integer;sdn;1;;;;;
sdn_adm1_mapshaper;admin1name;character varying;sdn;1;;admin1name;;;
sdn_adm1_mapshaper;admin1pcod;character varying;sdn;1;admin1pcod;;;;
sdn_adm1_mapshaper;admin1refn;character varying;sdn;1;;;;;
sdn_adm1_mapshaper;admin1altn;character varying;sdn;1;;;;;
sdn_adm1_mapshaper;admin1al_1;character varying;sdn;1;;;;;
sdn_adm1_mapshaper;admin0name;character varying;sdn;1;;;;admin0name;
sdn_adm1_mapshaper;admin0pcod;character varying;sdn;1;;;admin0pcod;;
sdn_adm1_mapshaper;date_;date;sdn;1;;;;;
sdn_adm1_mapshaper;validon;date;sdn;1;;;;;
sdn_adm1_mapshaper;validto;date;sdn;1;;;;;
sdn_adm1_mapshaper;shape_leng;double precision;sdn;1;;;;;
sdn_adm1_mapshaper;shape_area;double precision;sdn;1;;;;;
sdn_adm1_mapshaper;geom;USER-DEFINED;sdn;1;;;;;
sdn_adm2_mapshaper;gid;integer;sdn;2;;;;;
sdn_adm2_mapshaper;objectid;integer;sdn;2;;;;;
sdn_adm2_mapshaper;admin2name;character varying;sdn;2;;admin2name;;;
sdn_adm2_mapshaper;admin2pcod;character varying;sdn;2;admin2pcod;;;;
sdn_adm2_mapshaper;admin2refn;character varying;sdn;2;;;;;
sdn_adm2_mapshaper;admin2altn;character varying;sdn;2;;;;;
sdn_adm2_mapshaper;admin2al_1;character varying;sdn;2;;;;;
sdn_adm2_mapshaper;admin1name;character varying;sdn;2;;;;admin1name;
sdn_adm2_mapshaper;admin1pcod;character varying;sdn;2;;;admin1pcod;;
sdn_adm2_mapshaper;admin0name;character varying;sdn;2;;;;;
sdn_adm2_mapshaper;admin0pcod;character varying;sdn;2;;;;;
sdn_adm2_mapshaper;date_;date;sdn;2;;;;;
sdn_adm2_mapshaper;validon;date;sdn;2;;;;;
sdn_adm2_mapshaper;validto;date;sdn;2;;;;;
sdn_adm2_mapshaper;shape_leng;double precision;sdn;2;;;;;
sdn_adm2_mapshaper;shape_area;double precision;sdn;2;;;;;
sdn_adm2_mapshaper;geom;USER-DEFINED;sdn;2;;;;;
sen_adm1_mapshaper;gid;integer;sen;1;;;;;
sen_adm1_mapshaper;objectid;bigint;sen;1;;;;;
sen_adm1_mapshaper;admin1name;character varying;sen;1;;admin1name;;;
sen_adm1_mapshaper;admin1pcod;character varying;sen;1;admin1pcod;;;;
sen_adm1_mapshaper;admin0name;character varying;sen;1;;;;admin0name;
sen_adm1_mapshaper;admin0pcod;character varying;sen;1;;;admin0pcod;;
sen_adm1_mapshaper;date;date;sen;1;;;;;
sen_adm1_mapshaper;update_dat;date;sen;1;;;;;
sen_adm1_mapshaper;rowcacode1;character varying;sen;1;;;;;
sen_adm1_mapshaper;rowcacode0;character varying;sen;1;;;;;
sen_adm1_mapshaper;shape_leng;double precision;sen;1;;;;;
sen_adm1_mapshaper;shape_area;double precision;sen;1;;;;;
sen_adm1_mapshaper;geom;USER-DEFINED;sen;1;;;;;
sen_adm2_mapshaper;gid;integer;sen;2;;;;;
sen_adm2_mapshaper;objectid;bigint;sen;2;;;;;
sen_adm2_mapshaper;admin2name;character varying;sen;2;;admin2name;;;
sen_adm2_mapshaper;admin2pcod;character varying;sen;2;admin2pcod;;;;
sen_adm2_mapshaper;admin1name;character varying;sen;2;;;;admin1name;
sen_adm2_mapshaper;admin1pdco;character varying;sen;2;;;admin1pdco;;
sen_adm2_mapshaper;admin0name;character varying;sen;2;;;;;
sen_adm2_mapshaper;admin0pcod;character varying;sen;2;;;;;
sen_adm2_mapshaper;date;date;sen;2;;;;;
sen_adm2_mapshaper;update_dat;date;sen;2;;;;;
sen_adm2_mapshaper;rowcacode0;character varying;sen;2;;;;;
sen_adm2_mapshaper;rowcacode1;character varying;sen;2;;;;;
sen_adm2_mapshaper;rowcacode2;character varying;sen;2;;;;;
sen_adm2_mapshaper;shape_leng;double precision;sen;2;;;;;
sen_adm2_mapshaper;shape_area;double precision;sen;2;;;;;
sen_adm2_mapshaper;geom;USER-DEFINED;sen;2;;;;;
sen_adm3_mapshaper;gid;integer;sen;3;;;;;
sen_adm3_mapshaper;objectid;bigint;sen;3;;;;;
sen_adm3_mapshaper;admin2name;character varying;sen;3;;;;admin2name;
sen_adm3_mapshaper;admin2pcod;character varying;sen;3;;;admin2pcod;;
sen_adm3_mapshaper;admin1name;character varying;sen;3;;;;;
sen_adm3_mapshaper;admin1pdco;character varying;sen;3;;;;;
sen_adm3_mapshaper;admin0name;character varying;sen;3;;;;;
sen_adm3_mapshaper;admin0pcod;character varying;sen;3;;;;;
sen_adm3_mapshaper;date;date;sen;3;;;;;
sen_adm3_mapshaper;update_dat;date;sen;3;;;;;
sen_adm3_mapshaper;rowcacode0;character varying;sen;3;;;;;
sen_adm3_mapshaper;rowcacode1;character varying;sen;3;;;;;
sen_adm3_mapshaper;rowcacode2;character varying;sen;3;;;;;
sen_adm3_mapshaper;admin3name;character varying;sen;3;;admin3name;;;
sen_adm3_mapshaper;admin3code;character varying;sen;3;admin3code;;;;
sen_adm3_mapshaper;shape_leng;double precision;sen;3;;;;;
sen_adm3_mapshaper;shape_area;double precision;sen;3;;;;;
sen_adm3_mapshaper;rowcacode3;character varying;sen;3;;;;;
sen_adm3_mapshaper;geom;USER-DEFINED;sen;3;;;;;
som_adm1_mapshaper;gid;integer;som;1;;;;;
som_adm1_mapshaper;objectid;integer;som;1;;;;;
som_adm1_mapshaper;admin1name;character varying;som;1;;admin1name;;;
som_adm1_mapshaper;admin1pcod;character varying;som;1;admin1pcod;;;;
som_adm1_mapshaper;admin1refn;character varying;som;1;;;;;
som_adm1_mapshaper;admin1altn;character varying;som;1;;;;;
som_adm1_mapshaper;admin1al_1;character varying;som;1;;;;;
som_adm1_mapshaper;admin0name;character varying;som;1;;;;admin0name;
som_adm1_mapshaper;admin0pcod;character varying;som;1;;;admin0pcod;;
som_adm1_mapshaper;date;date;som;1;;;;;
som_adm1_mapshaper;validon;date;som;1;;;;;
som_adm1_mapshaper;validto;date;som;1;;;;;
som_adm1_mapshaper;shape_leng;double precision;som;1;;;;;
som_adm1_mapshaper;shape_area;double precision;som;1;;;;;
som_adm1_mapshaper;geom;USER-DEFINED;som;1;;;;;
som_adm2_mapshaper;gid;integer;som;2;;;;;
som_adm2_mapshaper;objectid_1;integer;som;2;;;;;
som_adm2_mapshaper;admin2name;character varying;som;2;;admin2name;;;
som_adm2_mapshaper;admin2pcod;character varying;som;2;admin2pcod;;;;
som_adm2_mapshaper;admin2refn;character varying;som;2;;;;;
som_adm2_mapshaper;admin2altn;character varying;som;2;;;;;
som_adm2_mapshaper;admin2al_1;character varying;som;2;;;;;
som_adm2_mapshaper;admin1name;character varying;som;2;;;;admin1name;
som_adm2_mapshaper;admin1pcod;character varying;som;2;;;admin1pcod;;
som_adm2_mapshaper;admin0name;character varying;som;2;;;;;
som_adm2_mapshaper;admin0pcod;character varying;som;2;;;;;
som_adm2_mapshaper;date;date;som;2;;;;;
som_adm2_mapshaper;validon;date;som;2;;;;;
som_adm2_mapshaper;validto;date;som;2;;;;;
som_adm2_mapshaper;shape_leng;double precision;som;2;;;;;
som_adm2_mapshaper;shape_area;double precision;som;2;;;;;
som_adm2_mapshaper;geom;USER-DEFINED;som;2;;;;;
tcd_adm1_mapshaper;gid;integer;tcd;1;;;;;
tcd_adm1_mapshaper;id_region;bigint;tcd;1;;;;;
tcd_adm1_mapshaper;region;character varying;tcd;1;;region;;;
tcd_adm1_mapshaper;lieu_reg;character varying;tcd;1;;;;;
tcd_adm1_mapshaper;pcode;character varying;tcd;1;pcode;;;;
tcd_adm1_mapshaper;geom;USER-DEFINED;tcd;1;;;;;
tcd_adm2_mapshaper;gid;integer;tcd;2;;;;;
tcd_adm2_mapshaper;id;bigint;tcd;2;;;;;
tcd_adm2_mapshaper;departemen;character varying;tcd;2;;departemen;;;
tcd_adm2_mapshaper;region;character varying;tcd;2;;;;region;
tcd_adm2_mapshaper;lieu_dep;character varying;tcd;2;;;;;
tcd_adm2_mapshaper;pcode;character varying;tcd;2;pcode;;;;
tcd_adm2_mapshaper;geom;USER-DEFINED;tcd;2;;;;;
vnm_adm1_mapshaper;gid;integer;vnm;1;;;;;
vnm_adm1_mapshaper;adm1_code;double precision;vnm;1;adm1_code;;;;
vnm_adm1_mapshaper;adm1_name;character varying;vnm;1;;adm1_name;;;
vnm_adm1_mapshaper;shape_leng;double precision;vnm;1;;;;;
vnm_adm1_mapshaper;shape_area;double precision;vnm;1;;;;;
vnm_adm1_mapshaper;geom;USER-DEFINED;vnm;1;;;;;
vnm_adm2_mapshaper;gid;integer;vnm;2;;;;;
vnm_adm2_mapshaper;adm1_code;double precision;vnm;2;;;adm1_code;;
vnm_adm2_mapshaper;adm1_name;character varying;vnm;2;;;;adm1_name;
vnm_adm2_mapshaper;adm2_code;double precision;vnm;2;adm2_code;;;;
vnm_adm2_mapshaper;adm2_name;character varying;vnm;2;;adm2_name;;;
vnm_adm2_mapshaper;shape_leng;double precision;vnm;2;;;;;
vnm_adm2_mapshaper;shape_area;double precision;vnm;2;;;;;
vnm_adm2_mapshaper;geom;USER-DEFINED;vnm;2;;;;;
vnm_adm3_mapshaper;gid;integer;vnm;3;;;;;
vnm_adm3_mapshaper;adm1_code;double precision;vnm;3;;;;;
vnm_adm3_mapshaper;adm1_name;character varying;vnm;3;;;;;
vnm_adm3_mapshaper;adm2_code;double precision;vnm;3;;;adm2_code;;
vnm_adm3_mapshaper;adm2_name;character varying;vnm;3;;;;adm2_name;
vnm_adm3_mapshaper;adm3_code;double precision;vnm;3;adm3_code;;;;
vnm_adm3_mapshaper;adm3_name;character varying;vnm;3;;adm3_name;;;
vnm_adm3_mapshaper;adm3_statu;character varying;vnm;3;;;;;
vnm_adm3_mapshaper;pop;integer;vnm;3;;;;;pop
vnm_adm3_mapshaper;pop_0to14;double precision;vnm;3;;;;;
vnm_adm3_mapshaper;pop_65plus;double precision;vnm;3;;;;;
vnm_adm3_mapshaper;hh;integer;vnm;3;;;;;
vnm_adm3_mapshaper;shape_leng;double precision;vnm;3;;;;;
vnm_adm3_mapshaper;shape_area;double precision;vnm;3;;;;;
vnm_adm3_mapshaper;geom;USER-DEFINED;vnm;3;;;;;
zwe_adm1_mapshaper;gid;integer;zwe;1;;;;;
zwe_adm1_mapshaper;province;character varying;zwe;1;;province;;;
zwe_adm1_mapshaper;prov_code;integer;zwe;1;prov_code;;;;
zwe_adm1_mapshaper;hrname;character varying;zwe;1;;;;;
zwe_adm1_mapshaper;hrpcode;character varying;zwe;1;;;;;
zwe_adm1_mapshaper;hrparent;character varying;zwe;1;;;;;
zwe_adm1_mapshaper;geom;USER-DEFINED;zwe;1;;;;;
zwe_adm2_mapshaper;gid;integer;zwe;2;;;;;
zwe_adm2_mapshaper;local_auth;character varying;zwe;2;;;;;
zwe_adm2_mapshaper;district_n;character varying;zwe;2;;;;;
zwe_adm2_mapshaper;dist_name_;character varying;zwe;2;;dist_name_;;;
zwe_adm2_mapshaper;dist_nm_la;character varying;zwe;2;;;;;
zwe_adm2_mapshaper;provincepc;bigint;zwe;2;;;provincepc;;
zwe_adm2_mapshaper;provnamefu;character varying;zwe;2;;;;provnamefu;
zwe_adm2_mapshaper;districtpc;bigint;zwe;2;districtpc;;;;
zwe_adm2_mapshaper;status;character varying;zwe;2;;;;;
zwe_adm2_mapshaper;noofwards;bigint;zwe;2;;;;;
zwe_adm2_mapshaper;hrname;character varying;zwe;2;;;;;
zwe_adm2_mapshaper;hrpcode;character varying;zwe;2;;;;;
zwe_adm2_mapshaper;hrparent;character varying;zwe;2;;;;;
zwe_adm2_mapshaper;geom;USER-DEFINED;zwe;2;;;;;
zwe_adm3_mapshaper;gid;integer;zwe;3;;;;;
zwe_adm3_mapshaper;zimwardsid;bigint;zwe;3;;;;;
zwe_adm3_mapshaper;province;character varying;zwe;3;;;;;
zwe_adm3_mapshaper;district;character varying;zwe;3;;;;;district
zwe_adm3_mapshaper;local_auth;character varying;zwe;3;;;;;
zwe_adm3_mapshaper;wardnumber;bigint;zwe;3;;wardnumber;;;
zwe_adm3_mapshaper;integrity;character varying;zwe;3;;;;;
zwe_adm3_mapshaper;wardareasq;double precision;zwe;3;;;;;
zwe_adm3_mapshaper;provincepc;bigint;zwe;3;;;;;
zwe_adm3_mapshaper;districtpc;bigint;zwe;3;;;districtpc;;
zwe_adm3_mapshaper;districtty;character varying;zwe;3;;;;;
zwe_adm3_mapshaper;wardpcode;bigint;zwe;3;wardpcode;;;;
zwe_adm3_mapshaper;geom;USER-DEFINED;zwe;3;;;;;
